"Vertical_Segment","Lithography","Recommended_Customer_Price","nb_of_Cores","nb_of_Threads","Processor_Base_Frequency","Cache_size","Cache_type","Max_Memory_Size","Max_Memory_Bandwidth","Execute_Disable_Bit"
"Mobile",14,393,2,4,1300,4,"SmartCache",16,29.8,"Yes"
"Mobile",14,297,4,8,1600,6,"SmartCache",32,34.1,"Yes"
"Mobile",14,409,4,8,1800,8,"SmartCache",32,34.1,"Yes"
"Desktop",32,305,4,8,3600,10,"SmartCache",64.23,51.2,"Yes"
"Mobile",14,281,2,4,1200,4,"SmartCache",16,29.8,"Yes"
"Mobile",14,107,2,2,1500,2,NA,16,25.6,"Yes"
"Desktop",22,42,2,2,2600,2,"SmartCache",32,21,"Yes"
"Mobile",22,134,2,2,2400,2,"SmartCache",32,25.6,"Yes"
"Mobile",14,161,2,4,1900,2,NA,16,25.6,"Yes"
"Mobile",14,161,2,4,2100,2,"SmartCache",32,34.1,"Yes"
"Mobile",14,161,4,4,1600,2,"L2",8,25.6,"Yes"
"Embedded",NA,7.75,1,1,32,0.0078125,NA,32,25.6,NA
"Desktop",22,94,4,4,2410,2,"L2",8,25.6,"Yes"
"Desktop",22,94,4,4,2410,2,"L2",8,21.3,"Yes"
"Desktop",14,161,4,4,1500,2,NA,8,25.6,"Yes"
"Mobile",14,161,4,4,1600,2,"L2",8,25.6,"Yes"
"Mobile",22,161,4,4,2170,2,NA,8,25.6,"Yes"
"Mobile",22,161,4,4,2160,2,NA,8,25.6,"Yes"
"Mobile",22,161,4,4,2160,2,"L2",8,21.32,"Yes"
"Mobile",14,161,4,4,1100,2,"L2",8,25.6,"Yes"
"Mobile",14,161,2,4,1500,2,"SmartCache",16,29.8,"Yes"
"Mobile",14,161,2,4,1600,2,"SmartCache",16,29.8,"Yes"
"Mobile",14,161,2,4,1500,2,"SmartCache",16,29.8,"Yes"
"Mobile",14,161,2,4,2300,2,"SmartCache",32,34.1,"Yes"
"Mobile",14,161,2,2,1900,2,NA,16,25.6,"Yes"
"Mobile",22,161,2,2,1200,2,"SmartCache",16,25.6,"Yes"
"Mobile",22,134,2,2,2400,2,NA,32,25.6,"Yes"
"Mobile",22,161,2,2,1700,2,"SmartCache",16,25.6,"Yes"
"Mobile",22,134,2,2,2300,2,"SmartCache",32,25.6,"Yes"
"Mobile",22,134,2,2,1800,2,"SmartCache",32,25.6,"Yes"
"Mobile",22,134,2,2,2500,2,"SmartCache",32,25.6,"Yes"
"Mobile",22,134,2,2,1900,2,"SmartCache",32,25.6,"Yes"
"Mobile",22,86,4,4,2410,2,"L2",8,21.3,"Yes"
"Embedded",22,156,2,2,1400,6,"SmartCache",384,38.4,"Yes"
"Desktop",32,64,2,2,2600,3,"SmartCache",32,17,"Yes"
"Desktop",32,73.5,2,2,2200,3,"SmartCache",32,17,"Yes"
"Embedded",NA,168,2,4,1500,3,"L3",32,21.3,"Yes"
"Desktop",32,75,2,2,2800,3,"SmartCache",32,21,"Yes"
"Desktop",32,71,2,2,2900,3,"SmartCache",32,21,"Yes"
"Desktop",32,64,2,2,2700,3,"SmartCache",32,17,"Yes"
"Desktop",32,75,2,2,3000,3,"SmartCache",32,21,"Yes"
"Desktop",32,72,2,2,2300,3,"SmartCache",32,17,"Yes"
"Desktop",45,93,2,4,3330,2,"SmartCache",32,25.6,"Yes"
"Desktop",65,316,2,4,3600,4,"L2",32,25.6,"Yes"
"Desktop",65,224,2,4,3400,4,"L2",32,25.6,"Yes"
"Desktop",32,82,2,2,3100,3,"SmartCache",32,21,"Yes"
"Desktop",32,64,2,2,2800,3,"SmartCache",32,17,"Yes"
"Desktop",45,72,2,4,3200,2,NA,32,25.6,"Yes"
"Desktop",65,163,2,4,3400,4,"L2",32,25.6,"Yes"
"Desktop",32,68,2,2,2400,3,"SmartCache",32,17,"Yes"
"Desktop",45,64,2,4,3000,2,"SmartCache",32,25.6,"Yes"
"Desktop",65,183,2,4,3200,4,"L2",32,25.6,"Yes"
"Desktop",65,81,1,2,3400,2,"L2",32,25.6,"Yes"
"Desktop",45,75,2,4,3060,2,"SmartCache",32,25.6,"Yes"
"Desktop",45,72,2,4,2800,2,"SmartCache",32,25.6,"Yes"
"Desktop",65,84,2,4,3200,4,"L2",32,25.6,"Yes"
"Desktop",32,64,2,2,2900,3,"SmartCache",32,17,"Yes"
"Desktop",65,178,2,4,3000,4,"L2",32,25.6,"Yes"
"Desktop",90,423,2,4,3200,2,"L2",32,25.6,"Yes"
"Desktop",32,64,2,2,2500,3,"SmartCache",32,17,"Yes"
"Desktop",32,86.5,2,2,2800,3,"SmartCache",16.38,17,"Yes"
"Desktop",45,71.5,2,4,2930,2,"L2",32,25.6,"Yes"
"Desktop",45,67,2,4,2700,2,"L2",32,25.6,"Yes"
"Desktop",65,74,2,4,3000,4,"L2",32,25.6,"Yes"
"Desktop",90,316,2,4,3000,2,"L2",32,25.6,"Yes"
"Desktop",45,67,2,4,2600,2,"L2",32,25.6,"Yes"
"Desktop",65,999,2,4,3730,4,"L2",32,25.6,"Yes"
"Desktop",90,74,2,4,2800,2,"L2",32,25.6,"Yes"
"Desktop",45,77,2,4,2800,2,"L2",32,25.6,"Yes"
"Desktop",45,72,2,4,2500,2,"L2",32,25.6,"Yes"
"Desktop",65,999,2,4,3460,4,"L2",32,25.6,"Yes"
"Desktop",65,74,2,4,2800,4,"L2",32,25.6,"Yes"
"Desktop",90,93,2,4,2660,2,"L2",32,25.6,"Yes"
"Desktop",22,42,2,2,2300,2,"SmartCache",32,21,"Yes"
"Desktop",22,41,2,2,2700,2,"SmartCache",32,21,"Yes"
"Desktop",22,42,2,2,2400,2,"SmartCache",32,21,"Yes"
"Desktop",22,42,2,2,2700,2,"SmartCache",32,21.3,"Yes"
"Desktop",22,52,2,2,2800,2,"SmartCache",32,21,"Yes"
"Desktop",22,42,2,2,2400,2,"SmartCache",32,21.3,"Yes"
"Embedded",22,42,2,2,2200,2,"SmartCache",32,21.3,"Yes"
"Desktop",22,52,2,2,2800,2,"SmartCache",32,21.3,"Yes"
"Desktop",22,42,2,2,2800,2,NA,32,21.3,"Yes"
"Desktop",22,42,2,2,2500,2,NA,32,21.3,"Yes"
"Desktop",22,52,2,2,2900,2,NA,32,21.3,"Yes"
"Desktop",14,42,2,2,2800,2,"SmartCache",64,34.1,"Yes"
"Embedded",14,107,2,2,2400,2,"SmartCache",64,34.1,"Yes"
"Embedded",14,42,2,2,2300,2,"SmartCache",64,34.1,"Yes"
"Desktop",14,52,2,2,2900,2,"SmartCache",64,34.1,"Yes"
"Embedded",14,107,2,2,1600,2,"SmartCache",64,34.1,"Yes"
"Desktop",14,42,2,2,2900,2,NA,64,25.6,"Yes"
"Desktop",NA,42,2,2,2900,2,NA,64,25.6,"Yes"
"Desktop",14,42,2,2,2700,2,NA,64,25.6,"Yes"
"Desktop",NA,42,2,2,2700,2,NA,64,25.6,"Yes"
"Desktop",14,52,2,2,3000,2,NA,64,25.6,"Yes"
"Desktop",22,72,2,2,2410,1,"L2",8,25.6,"Yes"
"Desktop",22,82,4,4,2000,2,"L2",8,25.6,"Yes"
"Desktop",14,107,2,2,1600,2,"L2",8,25.6,"Yes"
"Desktop",14,107,2,2,2000,2,NA,8,25.6,"Yes"
"Desktop",14,107,4,4,1500,2,NA,8,25.6,"Yes"
"Mobile",22,107,2,2,1600,1,NA,4,25.6,"Yes"
"Mobile",22,107,2,2,1580,1,NA,4,25.6,"Yes"
"Mobile",22,107,2,2,1580,1,"L2",4,10.66,"Yes"
"Mobile",22,107,2,2,2160,1,NA,8,25.6,"Yes"
"Mobile",22,107,2,2,2160,1,"L2",8,21.32,"Yes"
"Mobile",22,107,4,4,1830,2,NA,8,25.6,"Yes"
"Mobile",22,107,4,4,1830,2,"L2",8,21.32,"Yes"
"Mobile",14,107,4,4,1100,2,"L2",8,25.6,"Yes"
"Mobile",14,107,2,2,1100,2,"L2",8,25.6,"Yes"
"Mobile",14,107,4,4,1600,2,"L2",8,25.6,"Yes"
"Mobile",14,107,4,4,1600,2,"L2",8,25.6,"Yes"
"Mobile",14,107,2,2,1600,2,"L2",8,25.6,"Yes"
"Mobile",14,107,2,2,1600,2,"L2",8,25.6,"Yes"
"Mobile",14,107,2,2,1040,2,"L2",8,25.6,"Yes"
"Mobile",14,107,2,2,1040,2,"L2",8,25.6,"Yes"
"Mobile",14,107,2,2,1700,2,NA,16,25.6,"Yes"
"Mobile",14,107,2,2,1700,2,NA,16,25.6,"Yes"
"Mobile",14,107,2,2,1900,2,NA,16,25.6,"Yes"
"Mobile",14,107,2,2,1600,2,"SmartCache",32,34.1,"Yes"
"Mobile",14,107,2,2,2000,2,"SmartCache",32,34.1,"Yes"
"Mobile",14,107,2,2,1800,2,"SmartCache",32,34.1,"Yes"
"Mobile",14,107,2,2,2200,2,"SmartCache",32,34.1,"Yes"
"Mobile",14,281,2,4,1200,4,"SmartCache",16,29.8,"Yes"
"Mobile",14,281,2,4,2500,3,"SmartCache",32,34.1,"Yes"
"Mobile",14,304,2,4,2200,4,NA,32,34.1,"Yes"
"Mobile",14,250,4,4,2500,6,NA,64,34.1,"Yes"
"Mobile",14,281,2,4,2600,3,"SmartCache",32,34.1,"Yes"
"Mobile",14,304,2,4,2300,4,NA,32,34.1,"Yes"
"Desktop",14,182,4,4,3000,6,"SmartCache",64,25.6,"Yes"
"Desktop",14,184.5,4,4,2400,6,"SmartCache",64,25.6,"Yes"
"Embedded",14,250,4,4,2900,6,NA,64,34.1,"Yes"
"Embedded",14,250,4,4,2100,6,NA,64,34.1,"Yes"
"Desktop",14,197,4,4,2700,6,"SmartCache",64,25.6,"Yes"
"Desktop",14,197,4,4,3400,6,"SmartCache",64,25.6,"Yes"
"Desktop",14,218.5,4,4,3500,6,"SmartCache",64,25.6,"Yes"
"Desktop",14,218.5,4,4,2800,6,"SmartCache",64,25.6,"Yes"
"Desktop",14,242.5,4,4,3800,6,"SmartCache",64,25.6,"Yes"
"Mobile",22,1096,4,8,2900,8,"SmartCache",32,25.6,"Yes"
"Desktop",32,594,6,12,3200,12,"SmartCache",64.23,51.2,"Yes"
"Mobile",22,1096,4,8,3000,8,"SmartCache",32,25.6,"Yes"
"Desktop",32,1059,6,12,3300,15,"SmartCache",64,51.2,"Yes"
"Desktop",32,1059,6,12,3500,15,"SmartCache",64.45,51.2,"Yes"
"Desktop",22,332,4,8,3700,10,"SmartCache",64,59.7,"Yes"
"Desktop",22,594,6,12,3400,12,"SmartCache",64,59.7,"Yes"
"Desktop",22,1059,6,12,3600,15,"SmartCache",64,59.7,"Yes"
"Desktop",22,392.5,6,12,3300,15,"SmartCache",64,68,"Yes"
"Desktop",22,588.5,6,12,3500,15,"SmartCache",64,68,"Yes"
"Desktop",22,1029,8,16,3000,20,"SmartCache",64,68,"Yes"
"Desktop",14,437.5,6,12,3400,15,NA,128,25.6,"Yes"
"Desktop",14,622.5,6,12,3600,15,NA,128,25.6,"Yes"
"Desktop",14,1099,8,16,3200,20,NA,128,25.6,"Yes"
"Desktop",14,1733,10,20,3000,25,NA,128,25.6,"Yes"
"Desktop",14,242.5,4,4,4000,6,NA,64,25.6,NA
"Desktop",14,344.5,4,8,4300,8,NA,64,25.6,NA
"Desktop",14,386,6,12,3500,8.25,"L3",128,25.6,"Yes"
"Desktop",14,994,10,20,3300,13.75,"L3",128,25.6,"Yes"
"Desktop",14,594,8,16,3600,11,"L3",128,25.6,"Yes"
"Desktop",14,1194,12,24,2900,16.5,"L3",128,25.6,"Yes"
"Mobile",14,409,4,8,1900,8,"SmartCache",32,34.1,"Yes"
"Mobile",14,297,4,8,1700,6,"SmartCache",32,34.1,"Yes"
"Mobile",14,393,2,4,2700,4,"SmartCache",32,34.1,"Yes"
"Mobile",14,415,2,4,2400,4,NA,32,34.1,"Yes"
"Mobile",14,393,2,4,2800,4,"SmartCache",32,34.1,"Yes"
"Mobile",14,415,2,4,2500,4,NA,32,34.1,"Yes"
"Desktop",14,307.5,4,8,2900,8,"SmartCache",64,25.6,"Yes"
"Desktop",14,344.5,4,8,4200,8,"SmartCache",64,25.6,"Yes"
"Desktop",14,307.5,4,8,3600,8,"SmartCache",64,25.6,"Yes"
"Mobile",14,378,4,8,2800,6,NA,64,34.1,"Yes"
"Embedded",14,378,4,8,3000,8,NA,64,34.1,"Yes"
"Mobile",14,378,4,8,2900,8,NA,64,34.1,"Yes"
"Mobile",14,378,4,8,2900,8,NA,64,34.1,"Yes"
"Mobile",14,568,4,8,3100,8,NA,64,34.1,"Yes"
"Embedded",NA,2.54,1,1,32,6,NA,32,25.6,NA
"Embedded",32,12.85,1,1,400,0.015625,NA,2,1.6,"Yes"
"Embedded",NA,2.54,1,1,33,6,NA,32,25.6,NA
"Embedded",45,19,1,2,600,0.5,"L2",2,25.6,"Yes"
"Mobile",14,37,4,4,1600,2,NA,8,25.6,NA
"Mobile",32,42,2,4,1600,1,"L2",2.44,25.6,"Yes"
"Embedded",22,31,2,2,1330,1,"L2",8,25.6,"Yes"
"Desktop",32,42,2,2,1860,1,"L2",4,6.4,"Yes"
"Embedded",22,39,2,2,1500,1,NA,16,25.6,"Yes"
"Server",90,696,1,2,1600,12,"L3",32,25.6,"No"
"Server",65,946,2,4,1600,10,"L3",32,25.6,"Yes"
"Server",65,1614,4,8,1330,16,"L3",32,25.6,"Yes"
"Server",65,2059,4,8,1460,20,"L3",32,25.6,"Yes"
"Server",65,2059,4,8,1600,20,"L3",32,25.6,"Yes"
"Server",65,3838,4,8,1730,24,"L3",32,25.6,"Yes"
"Server",90,910,2,4,1420,12,"L3",32,25.6,"No"
"Server",90,1552,2,4,1660,8,"L3",32,25.6,"No"
"Server",90,1980,2,4,1660,18,"L3",32,25.6,"No"
"Server",90,1980,2,4,1600,18,"L3",32,25.6,"No"
"Server",90,3692,2,4,1660,24,"L3",32,25.6,"No"
"Server",90,3692,2,4,1600,24,"L3",32,25.6,"No"
"Server",22,43,2,2,1700,1,NA,16,10.7,NA
"Embedded",22,64,4,4,1400,2,NA,32,25.6,"Yes"
"Server",22,70,4,4,1700,2,NA,32,21.3,NA
"Server",22,86,4,4,2400,2,NA,64,25.6,NA
"Server",22,150,8,8,1700,4,NA,32,25.6,NA
"Server",22,171,8,8,2400,4,NA,64,25.6,NA
"Embedded",22,60,2,2,1250,1,NA,16,25.6,"Yes"
"Embedded",22,60,2,2,1700,1,NA,16,25.6,"Yes"
"Embedded",22,60,2,2,1700,1,NA,16,25.6,"Yes"
"Embedded",22,98,4,4,1250,2,NA,32,25.6,"Yes"
"Embedded",22,91,4,4,1700,2,NA,32,25.6,"Yes"
"Embedded",22,104,4,4,2400,2,NA,64,25.6,"Yes"
"Embedded",22,104,4,4,2400,2,NA,64,25.6,"Yes"
"Embedded",22,182,8,8,2000,4,NA,32,25.6,"Yes"
"Embedded",22,208,8,8,2400,4,NA,64,25.6,"Yes"
"Embedded",22,208,8,8,2400,4,NA,64,25.6,"Yes"
"Server",14,449,16,16,2000,16,NA,256,25.6,"Yes"
"Server",14,434,16,16,2100,16,NA,256,25.6,"Yes"
"Server",14,389,16,16,1700,16,NA,256,25.6,"Yes"
"Server",14,289,12,12,1900,12,NA,256,25.6,"Yes"
"Server",14,332,12,12,2000,12,NA,256,25.6,"Yes"
"Server",14,323,12,12,2100,12,NA,256,25.6,"Yes"
"Server",14,369,12,12,2000,12,NA,256,25.6,"Yes"
"Server",14,193,8,8,2200,16,NA,256,25.6,"Yes"
"Server",14,171,8,8,2200,16,NA,256,25.6,"Yes"
"Server",14,209,8,8,1700,16,NA,256,25.6,"Yes"
"Server",14,86,4,4,2200,8,NA,256,25.6,"Yes"
"Server",14,75,4,4,2100,8,NA,256,25.6,"Yes"
"Server",14,86,4,4,1600,8,NA,256,25.6,"Yes"
"Server",14,27,2,2,1500,4,NA,128,25.6,"Yes"
"Server",14,32,2,2,1600,4,NA,128,25.6,"Yes"
"Desktop",32,47,2,4,1860,1,"L2",4,6.4,NA
"Embedded",22,31,1,1,1460,0.5,"L2",8,25.6,"Yes"
"Embedded",22,34,2,2,1330,1,"L2",8,25.6,"Yes"
"Embedded",22,37,2,2,1460,1,"L2",8,25.6,"Yes"
"Embedded",22,41,2,2,1750,1,"L2",8,25.6,"Yes"
"Embedded",22,52,4,4,1910,2,"L2",8,25.6,"Yes"
"Mobile",32,47,2,4,1860,1,"L2",4.88,25.6,"Yes"
"Server",32,54,2,4,1600,1,NA,8,10.6,NA
"Server",32,64,2,4,1600,1,NA,8,10.6,NA
"Server",32,80,2,4,1600,1,NA,8,25.6,NA
"Server",32,103,2,4,1600,1,NA,8,25.6,NA
"Server",32,120,2,4,2000,1,NA,8,25.6,NA
"Embedded",14,39,4,4,1040,2,NA,8,25.6,"Yes"
"Mobile",14,21,4,4,1440,2,NA,2,12.8,NA
"Mobile",14,21,4,4,1440,2,NA,2,12.8,NA
"Mobile",14,27,4,4,1440,2,NA,8,25.6,NA
"Mobile",14,27,4,4,1440,2,NA,8,25.6,NA
"Mobile",14,37,4,4,1600,2,NA,8,25.6,NA
"Mobile",32,22,2,4,2400,1,"SmartCache",2,8.5,NA
"Mobile",22,21,4,4,1330,2,"L2",1,5.3,NA
"Mobile",22,18,4,4,1330,2,"L2",2,10.6,NA
"Mobile",22,17,4,4,1330,2,"L2",1,5.3,NA
"Mobile",22,20,4,4,1330,2,"L2",2,10.6,NA
"Mobile",22,20,4,4,1330,2,"L2",1,5.3,NA
"Mobile",22,30,4,4,1330,2,"L2",4,17.1,NA
"Mobile",22,35,4,4,1460,2,"L2",4,17.1,NA
"Mobile",22,37,4,4,1500,2,"L2",2,10.6,NA
"Mobile",22,40,4,4,1590,2,"L2",4,17.1,NA
"Embedded",45,22,1,2,600,0.5,"L2",2,25.6,"Yes"
"Mobile",45,20,1,2,1100,0.5,"L2",32,25.6,"Yes"
"Embedded",45,29,1,2,1000,0.5,"L2",2,25.6,"Yes"
"Mobile",45,20,1,2,1100,0.5,"L2",32,25.6,"Yes"
"Embedded",45,37,1,2,1000,0.5,"L2",2,25.6,"Yes"
"Mobile",45,27,1,2,1100,0.5,"L2",32,25.6,"Yes"
"Desktop",45,29,1,2,1600,0.5,"L2",32,25.6,"Yes"
"Embedded",45,54,1,2,1300,0.5,"L2",2,25.6,"Yes"
"Mobile",45,50,1,2,1330,0.5,"L2",32,25.6,"Yes"
"Embedded",45,64,1,2,1300,0.5,"L2",2,25.6,"Yes"
"Mobile",45,65,1,2,1600,0.5,"L2",32,25.6,"Yes"
"Mobile",45,64,1,2,1660,0.5,"L2",2,25.6,"Yes"
"Mobile",45,65,1,2,1600,0.5,"L2",32,25.6,"Yes"
"Mobile",45,64,1,2,1660,0.5,"L2",2,25.6,"Yes"
"Desktop",45,43,1,2,1660,0.5,"L2",4,6.4,"Yes"
"Desktop",45,63,2,4,1660,1,"L2",4,6.4,"Yes"
"Embedded",45,74,1,2,1600,0.5,"L2",2,25.6,"Yes"
"Mobile",45,32,1,2,1600,0.5,"L2",32,25.6,"Yes"
"Embedded",45,85,1,2,1600,0.5,"L2",2,25.6,"Yes"
"Desktop",45,63,2,4,1800,1,"L2",4,6.4,"Yes"
"Desktop",45,42,1,2,1800,0.5,"L2",4,6.4,"Yes"
"Embedded",32,13.39,1,1,400,0.015625,NA,2,1.6,"Yes"
"Embedded",32,10.7,1,1,400,0.015625,NA,2,1.6,"Yes"
"Embedded",32,11.23,1,1,400,0.015625,NA,2,1.6,"Yes"
"Embedded",32,12.31,1,1,400,0.015625,NA,2,1.6,"Yes"
"Embedded",32,10.16,1,1,400,0.015625,NA,2,1.6,"Yes"
"Embedded",32,11.77,1,1,400,0.015625,NA,2,1.6,"Yes"
"Embedded",32,9.62,1,1,400,0.015625,NA,2,1.6,"Yes"
"Server",32,1350,4,8,1730,20,NA,32,25.6,"Yes"
"Server",32,4650,8,16,2660,32,NA,32,25.6,"Yes"
"Server",14,3368,72,144,1500,36,"L2",384,115.2,"Yes"
"Server",14,192,4,8,1600,6,NA,128,25.6,"Yes"
"Server",32,191.5,4,4,1600,4,"SmartCache",288,25.6,"Yes"
"Embedded",NA,389,4,8,1000,6,"L3",32,25.6,"Yes"
"Server",22,198,4,4,3100,8,"SmartCache",32,25.6,"Yes"
"Embedded",14,393,4,8,1800,6,"SmartCache",32,25.6,"Yes"
"Server",14,198,4,4,3000,8,"SmartCache",64,34.1,"Yes"
"Server",14,198,4,4,3000,8,NA,64,37.5,"Yes"
"Server",32,2059,8,16,2900,20,"SmartCache",384,51.2,"Yes"
"Server",22,2616,12,24,2700,30,"SmartCache",768,59.7,"Yes"
"Server",22,2338,12,24,2400,30,"SmartCache",768,59.7,"Yes"
"Server",14,295.5,4,8,3500,10,NA,1576.96,76.8,"Yes"
"Server",14,406,4,8,3700,10,NA,1576.96,76.8,"Yes"
"Server",14,619,6,12,3600,15,NA,1576.96,76.8,"Yes"
"Server",14,1113,8,16,3200,20,NA,1576.96,76.8,"Yes"
"Server",14,1723,8,16,3400,20,NA,1576.96,76.8,"Yes"
"Server",14,213,6,6,1700,15,"SmartCache",1576.96,59.7,"Yes"
"Embedded",14,363,8,16,1600,20,"SmartCache",1576.96,59.7,"Yes"
"Server",14,308,8,8,1700,20,"SmartCache",1576.96,59.7,"Yes"
"Embedded",14,779,10,20,2200,25,"SmartCache",1576.96,68.3,"Yes"
"Server",14,419.5,8,16,2100,20,"SmartCache",1576.96,68.3,"Yes"
"Server",14,444,4,8,2600,10,"SmartCache",1576.96,68.3,"Yes"
"Embedded",14,1364,12,24,1900,30,"SmartCache",1576.96,68.3,"Yes"
"Server",14,612,10,20,1800,25,"SmartCache",1576.96,68.3,"Yes"
"Server",14,669,10,20,2200,25,"SmartCache",1576.96,68.3,"Yes"
"Server",14,996,4,8,3500,15,"SmartCache",1576.96,76.8,"Yes"
"Server",14,939,10,20,2400,25,"SmartCache",1576.96,68.3,"Yes"
"Server",14,1552,6,12,3400,20,"SmartCache",1576.96,76.8,"Yes"
"Embedded",14,1544,14,28,1800,35,"SmartCache",1576.96,76.8,"Yes"
"Server",14,1329,14,28,1700,35,"SmartCache",1576.96,76.8,"Yes"
"Server",14,1168.5,12,24,2200,30,"SmartCache",1576.96,76.8,"Yes"
"Server",14,1445,14,28,2000,35,NA,32,76.8,"Yes"
"Server",14,2057,8,16,3200,25,"SmartCache",1576.96,76.8,"Yes"
"Embedded",14,1832,14,28,2300,35,"SmartCache",1576.96,76.8,"Yes"
"Server",14,1747,14,28,2400,35,"SmartCache",1576.96,76.8,"Yes"
"Server",14,1846,16,32,2100,40,"SmartCache",1576.96,76.8,"Yes"
"Server",14,2143,12,24,3000,30,"SmartCache",1576.96,76.8,"Yes"
"Server",14,2092,14,28,2600,35,"SmartCache",1576.96,76.8,"Yes"
"Server",14,2426,18,36,2100,45,"SmartCache",1576.96,76.8,"Yes"
"Server",14,2891,16,32,2600,40,"SmartCache",1576.96,76.8,"Yes"
"Server",14,2702,18,36,2300,45,"SmartCache",1576.96,76.8,"Yes"
"Server",14,3226,20,40,2200,50,"SmartCache",1576.96,76.8,"Yes"
"Embedded",14,4560,22,44,2200,55,NA,1576.96,76.8,"Yes"
"Server",14,4115,22,44,2200,55,"SmartCache",1576.96,76.8,"Yes"
"Server",14,4938,22,44,2400,55,NA,1576.96,76.8,"Yes"
"Server",14,1219,10,20,1800,25,NA,1576.96,68,"Yes"
"Server",14,1668,10,20,2100,25,NA,1576.96,68,"Yes"
"Server",14,2225,10,10,2600,25,NA,1576.96,68,"Yes"
"Embedded",14,2535,14,28,1800,35,NA,1576.96,68,"Yes"
"Server",14,2837,12,24,2100,30,NA,1576.96,68,"Yes"
"Server",14,3838,14,28,2200,35,NA,1576.96,68,"Yes"
"Server",14,4616,8,16,2500,30,NA,1576.96,68,"Yes"
"Server",14,4727,16,32,2200,40,NA,1576.96,68,"Yes"
"Server",14,5729,18,36,2200,45,NA,1576.96,68,"Yes"
"Server",14,7007,22,44,2200,55,NA,1576.96,68,"Yes"
"Server",22,215,6,6,1600,15,"SmartCache",768,51,"Yes"
"Embedded",22,441,6,12,2000,15,"SmartCache",768,59,"Yes"
"Server",22,306,6,6,1900,15,"SmartCache",768,51,"Yes"
"Embedded",22,779,8,16,2300,20,"SmartCache",768,59,"Yes"
"Server",22,419.5,6,12,2400,15,"SmartCache",768,59,"Yes"
"Server",22,444,4,8,3000,10,"SmartCache",768,59,"Yes"
"Embedded",22,1364,10,20,2000,25,"SmartCache",768,59,"Yes"
"Server",22,669,8,16,2400,20,"SmartCache",768,59,"Yes"
"Server",22,612,8,16,1800,20,"SmartCache",768,59,"Yes"
"Server",22,996,4,8,3500,15,"SmartCache",768,68,"Yes"
"Server",22,941.5,8,16,2600,20,"SmartCache",768,59,"Yes"
"Server",22,1552,6,12,3400,20,"SmartCache",768,68,"Yes"
"Server",22,1168.5,10,20,2300,25,"SmartCache",768,68,"Yes"
"Embedded",22,1544,12,24,1800,30,"SmartCache",768,68,"Yes"
"Server",22,1329,12,24,1800,30,"SmartCache",768,68,"Yes"
"Embedded",22,1832,12,24,2200,30,"SmartCache",768,68,"Yes"
"Embedded",22,1832,12,24,2200,30,"SmartCache",768,68,"Yes"
"Server",22,1447,10,20,2600,25,"SmartCache",768,68,"Yes"
"Server",22,2057,8,16,3200,20,"SmartCache",768,68,"Yes"
"Server",22,1591,12,24,2300,30,"SmartCache",768,68,"Yes"
"Server",22,1747,12,24,2500,30,"SmartCache",768,68,"Yes"
"Server",22,1846,14,28,2000,35,"SmartCache",768,68,"Yes"
"Server",22,1219,10,20,1700,25,NA,768,68,"Yes"
"Server",22,1668,10,20,2000,25,NA,768,68,"Yes"
"Server",22,2143,10,20,3100,25,"SmartCache",768,68,"Yes"
"Server",22,2225,10,10,2600,25,NA,768,68,"Yes"
"Server",22,2092,12,24,2600,30,"SmartCache",768,68,"Yes"
"Server",22,2859,12,24,1900,30,NA,768,68,"Yes"
"Server",22,1723,8,16,3200,20,"SmartCache",768,68,"Yes"
"Server",22,2426,14,28,2300,35,"SmartCache",768,68,"Yes"
"Embedded",22,2405,12,24,1700,30,NA,768,68,"Yes"
"Server",22,1080,8,16,3000,20,"SmartCache",768,68,"Yes"
"Server",22,3838,12,24,2100,30,NA,768,68,"Yes"
"Server",22,584.5,6,12,3500,15,"SmartCache",768,68,"Yes"
"Server",22,2704,14,28,2600,35,"SmartCache",768,68,"Yes"
"Server",22,4616,6,12,2900,30,NA,768,68,"Yes"
"Embedded",22,256,4,8,1800,10,NA,384,51.2,"Yes"
"Server",22,372,4,8,3700,10,"SmartCache",768,68,"Yes"
"Server",22,4727,14,28,2100,35,NA,768,68,"Yes"
"Embedded",22,472,6,12,2000,15,NA,384,51.2,"Yes"
"Server",22,295.5,4,8,3500,10,"SmartCache",768,68,"Yes"
"Server",22,5729,16,32,2000,40,NA,768,68,"Yes"
"Embedded",22,811,8,16,1800,20,NA,384,51.2,"Yes"
"Server",22,7007,18,36,2100,45,NA,768,68,"Yes"
"Embedded",22,1555,10,20,1800,25,NA,384,51.2,"Yes"
"Embedded",22,608,8,16,2000,20,NA,384,51.2,"Yes"
"Server",22,2059,10,20,3000,25,"SmartCache",768,59.7,"Yes"
"Server",22,1725,10,20,2800,25,"SmartCache",768,59.7,"Yes"
"Server",22,2110,8,16,3400,25,"SmartCache",256,59.7,"Yes"
"Server",22,1554,10,20,2500,25,"SmartCache",768,59.7,"Yes"
"Server",22,2057,8,16,3300,25,"SmartCache",768,59.7,"Yes"
"Server",22,1391,10,20,2200,25,"SmartCache",768,59.7,"Yes"
"Server",22,1219,10,20,1700,25,"SmartCache",768,51.2,"Yes"
"Embedded",22,1750,10,20,2400,25,"SmartCache",768,59.7,"Yes"
"Server",22,1168.5,8,16,2600,20,"SmartCache",768,59.7,"Yes"
"Server",22,1440,10,20,2400,25,"SmartCache",384,38.4,"Yes"
"Embedded",22,1479,10,20,1900,25,"SmartCache",768,59.7,"Yes"
"Server",22,1219,10,20,1700,25,"SmartCache",384,38.4,"Yes"
"Server",22,1552,6,12,3500,25,"SmartCache",768,59.7,"Yes"
"Server",22,1107,8,16,2500,20,"SmartCache",384,38.4,"Yes"
"Server",22,4394,12,24,2400,30,"SmartCache",768,59.7,"Yes"
"Embedded",22,1424,10,20,1800,25,"SmartCache",384,38.4,"Yes"
"Server",22,887,8,16,2000,20,"SmartCache",768,51.2,"Yes"
"Server",22,996,4,8,3500,15,"SmartCache",768,59.7,"Yes"
"Server",22,3616,10,20,2400,25,"SmartCache",768,59.7,"Yes"
"Server",22,832,8,16,1900,20,"SmartCache",384,38.4,"Yes"
"Server",22,612,6,12,2400,15,"SmartCache",768,51.2,"Yes"
"Server",22,612,6,12,2400,15,"SmartCache",384,38.4,"Yes"
"Server",22,2725,10,20,2200,20,"SmartCache",768,59.7,"Yes"
"Server",22,614,6,12,2600,15,"SmartCache",768,51.2,"Yes"
"Server",22,551,6,12,2500,15,"SmartCache",384,38.4,"Yes"
"Server",22,2108,8,8,3300,16,"SmartCache",768,59.7,"Yes"
"Embedded",22,2405,10,20,1900,25,"SmartCache",768,59.7,"Yes"
"Embedded",22,1216,8,16,1900,20,"SmartCache",768,51.2,"Yes"
"Embedded",22,1013,8,16,1800,20,"SmartCache",384,38.4,"Yes"
"Server",22,408,6,12,2100,15,"SmartCache",768,51.2,"Yes"
"Server",22,406,6,12,2200,15,"SmartCache",384,38.4,"Yes"
"Server",22,1081.5,6,12,3700,15,"SmartCache",256,59.7,"Yes"
"Server",22,1611,8,16,2600,20,"SmartCache",768,51.2,"Yes"
"Embedded",22,632,6,12,2000,15,"SmartCache",768,42.6,"Yes"
"Embedded",22,607,6,12,2000,15,"SmartCache",384,32,"Yes"
"Server",22,583,6,12,3500,12,"SmartCache",256,59.7,"Yes"
"Server",22,1219,8,16,2300,16,"SmartCache",768,51.2,"Yes"
"Server",22,885,6,12,2600,15,"SmartCache",768,42.6,"Yes"
"Server",22,296.5,4,4,2500,10,"SmartCache",768,42.6,"Yes"
"Server",22,250,4,4,2400,10,"SmartCache",384,32,"Yes"
"Server",22,294,4,8,3700,10,"SmartCache",256,59.7,"Yes"
"Embedded",22,494,6,12,2200,15,"SmartCache",384,38.4,"Yes"
"Server",22,202,4,4,1800,10,"SmartCache",768,42.6,"Yes"
"Server",22,192,4,4,1800,10,"SmartCache",384,32,"Yes"
"Server",22,551,4,8,2200,10,"SmartCache",768,42.6,"Yes"
"Server",32,1887.5,8,16,3100,20,"SmartCache",256,51.2,"Yes"
"Server",32,1725,8,16,2700,20,"SmartCache",384,51.2,"Yes"
"Server",32,1554,8,16,2600,20,"SmartCache",384,51.2,"Yes"
"Server",32,1552,6,12,2900,15,"SmartCache",384,51.2,"Yes"
"Server",32,1442,8,16,2400,20,"SmartCache",384,51.2,"Yes"
"Server",32,1331,8,16,2200,20,"SmartCache",384,51.2,"Yes"
"Embedded",32,1479,8,16,2100,20,"SmartCache",384,51.2,"Yes"
"Server",32,1109.5,8,16,2000,20,"SmartCache",384,51.2,"Yes"
"Embedded",32,1266,8,16,1800,20,"SmartCache",384,25.6,"Yes"
"Server",32,1107,8,16,1800,20,"SmartCache",384,51.2,"Yes"
"Server",32,885,4,8,3300,10,"SmartCache",384,51.2,"Yes"
"Server",32,1442,8,16,2300,20,"SmartCache",384,38.4,"Yes"
"Server",32,1107,8,16,1800,20,"SmartCache",384,38.4,"Yes"
"Server",32,887,6,12,2500,15,"SmartCache",384,42.6,"Yes"
"Server",32,1109.5,8,16,2100,20,"SmartCache",384,38.4,"Yes"
"Server",32,885,2,4,3000,5,"SmartCache",384,51.2,"Yes"
"Embedded",32,1266,8,16,1800,20,"SmartCache",384,25.6,"Yes"
"Server",32,3618,8,16,2600,20,"SmartCache",384,51.2,"Yes"
"Server",32,662,6,12,2000,15,"SmartCache",384,42.6,"Yes"
"Server",32,3618,8,16,2700,20,"SmartCache",384,51.2,"Yes"
"Server",32,834.5,6,12,2400,15,"SmartCache",384,32,"Yes"
"Server",32,614,6,12,2300,15,"SmartCache",384,42.6,"Yes"
"Server",32,1081.5,6,12,3300,15,"SmartCache",256,51.2,"Yes"
"Server",32,662,6,12,2000,15,"SmartCache",384,32,"Yes"
"Server",32,536.5,6,12,2200,15,"SmartCache",384,32,"Yes"
"Server",32,2727.5,8,16,2400,20,"SmartCache",384,51.2,"Yes"
"Embedded",32,692,6,12,1800,15,"SmartCache",384,25.6,"Yes"
"Server",32,1613.5,8,16,2200,16,"SmartCache",384,42.6,"Yes"
"Server",32,583,6,12,3200,12,"SmartCache",256,51.2,"Yes"
"Server",32,385,6,12,2000,15,"SmartCache",384,42.6,"Yes"
"Server",32,389,6,12,1900,15,"SmartCache",384,32,"Yes"
"Server",32,1611,6,6,2900,15,"SmartCache",384,51.2,"Yes"
"Embedded",32,428,4,8,2000,10,"SmartCache",384,25.6,"Yes"
"Server",32,480,6,12,1800,15,"L3",32,32,"Yes"
"Server",32,294,4,8,3600,10,"SmartCache",375,51.2,"Yes"
"Server",32,296.5,4,4,2400,10,"SmartCache",384,34.1,"Yes"
"Server",32,1221,6,12,2400,15,"SmartCache",384,42.6,"Yes"
"Server",32,250.5,4,4,2200,10,"SmartCache",384,25,"Yes"
"Server",32,887,6,12,2200,12,"SmartCache",384,34.1,"Yes"
"Server",32,191.5,4,4,1800,10,"SmartCache",384,25,"Yes"
"Server",32,553,4,8,2000,10,"SmartCache",384,34.1,"Yes"
"Server",32,202.5,4,4,1800,10,"SmartCache",384,34.1,"Yes"
"Server",14,218.5,4,4,3300,8,NA,64,37.5,"Yes"
"Server",14,255.5,4,8,3500,8,NA,64,37.5,"Yes"
"Server",14,277,4,8,3700,8,NA,64,37.5,"Yes"
"Server",14,289,4,8,3700,8,NA,64,37.5,"Yes"
"Server",14,333.5,4,8,3800,8,NA,64,37.5,"Yes"
"Server",14,339,4,8,3800,8,NA,64,37.5,"Yes"
"Server",14,383,4,8,3900,8,NA,64,37.5,"Yes"
"Server",14,450,4,8,4100,8,NA,64,37.5,"Yes"
"Embedded",14,433,4,8,2200,8,NA,64,34.1,"Yes"
"Mobile",14,434,4,8,3000,8,NA,64,34.1,"Yes"
"Mobile",14,623,4,8,3100,8,NA,64,34.1,"Yes"
"Server",14,218.5,4,4,3300,8,"SmartCache",64,34.1,"Yes"
"Server",14,255.5,4,8,3400,8,"SmartCache",64,34.1,"Yes"
"Server",14,277,4,8,3500,8,"SmartCache",64,34.1,"Yes"
"Server",14,250,4,4,2000,8,"SmartCache",64,34.1,"Yes"
"Server",14,278,4,8,2100,8,"SmartCache",64,34.1,"Yes"
"Server",14,289,4,8,3500,8,"SmartCache",64,34.1,"Yes"
"Server",14,294,4,8,2900,8,"SmartCache",64,34.1,"Yes"
"Embedded",14,377,4,8,2400,8,"SmartCache",64,34.1,"Yes"
"Server",14,333.5,4,8,3600,8,"SmartCache",64,34.1,"Yes"
"Server",14,344.5,4,8,3600,8,"SmartCache",64,34.1,"Yes"
"Server",14,612,4,8,3700,8,"SmartCache",64,34.1,"Yes"
"Mobile",14,434,4,8,2800,8,"SmartCache",64,34.1,"Yes"
"Embedded",14,433,4,8,2000,8,"SmartCache",64,34.1,"Yes"
"Mobile",14,489,4,8,2800,8,"SmartCache",64,34.1,"Yes"
"Mobile",14,623,4,8,2900,8,"SmartCache",64,34.1,"Yes"
"Mobile",14,679,4,8,2900,8,"SmartCache",64,34.1,"Yes"
"Embedded",14,396,4,8,1900,8,NA,64,25.6,"Yes"
"Server",14,417,4,8,2500,8,NA,64,25.6,"Yes"
"Mobile",14,1207,4,8,3000,8,"SmartCache",64,34.1,"Yes"
"Embedded",14,449,4,8,2000,8,NA,64,25.6,"Yes"
"Server",14,445,4,8,3000,8,NA,64,25.6,"Yes"
"Server",14,556,4,8,3500,8,NA,64,25.6,"Yes"
"Server",14,417,4,8,2300,6,NA,32,29.8,"Yes"
"Embedded",14,449,4,8,2000,6,"SmartCache",32,25.6,"Yes"
"Server",14,556,4,8,3500,6,NA,32,29.8,"Yes"
"Server",14,445,4,8,3400,6,NA,32,29.8,"Yes"
"Server",22,218.5,4,4,3300,8,"SmartCache",32,25.6,"Yes"
"Server",22,218.5,4,4,3200,8,"SmartCache",32,25.6,"Yes"
"Server",22,245,4,8,3300,8,"SmartCache",32,25.6,"Yes"
"Server",22,250,4,8,1800,8,"SmartCache",32,25.6,"Yes"
"Server",22,245,4,8,3400,8,"SmartCache",32,25.6,"Yes"
"Server",22,267.5,4,8,3400,8,"SmartCache",32,25.6,"Yes"
"Server",22,278,4,8,2000,8,"SmartCache",32,25.6,"Yes"
"Server",22,267.5,4,8,3500,8,"SmartCache",32,25.6,"Yes"
"Server",22,281.5,4,8,3400,8,"SmartCache",32,25.6,"Yes"
"Server",22,281.5,4,8,3500,8,"SmartCache",32,25.6,"Yes"
"Server",22,344.5,4,8,3500,8,"SmartCache",32,25.6,"Yes"
"Server",22,294,4,8,2500,8,"SmartCache",32,25.6,"Yes"
"Server",22,333.5,4,8,3600,8,"SmartCache",32,25.6,"Yes"
"Embedded",22,377,4,8,2300,8,"SmartCache",32,25.6,"Yes"
"Server",22,333.5,4,8,3500,8,"SmartCache",32,25.6,"Yes"
"Server",22,328,4,8,2700,8,"SmartCache",32,25.6,"Yes"
"Server",22,612,4,8,3600,8,"SmartCache",32,25.6,"Yes"
"Server",22,344.5,4,8,3600,8,"SmartCache",32,25.6,"Yes"
"Server",22,612,4,8,3700,8,"SmartCache",32,25.6,"Yes"
"Server",22,662,4,8,3600,8,"SmartCache",32,25.6,"Yes"
"Server",22,662,4,8,3700,8,"SmartCache",32,25.6,"Yes"
"Server",22,774,4,8,3200,8,"SmartCache",32,25.6,"Yes"
"Embedded",22,389,4,8,1800,8,"L3",32,25.6,"Yes"
"Embedded",22,545,4,8,2500,8,"L3",32,25.6,"Yes"
"Server",22,189,2,4,2300,3,"SmartCache",32.23,25.6,"Yes"
"Server",22,196,4,4,3100,8,"SmartCache",32.77,25.6,"Yes"
"Server",22,205,4,4,3200,8,"SmartCache",32.77,25.6,"Yes"
"Server",22,222.5,4,8,3300,8,"SmartCache",32.77,25.6,"Yes"
"Server",22,255.5,4,8,3400,8,"SmartCache",32.77,25.6,"Yes"
"Server",22,269.5,4,8,3400,8,"SmartCache",32.77,25.6,"Yes"
"Server",22,299.5,4,8,2500,8,"SmartCache",32.77,25.6,"Yes"
"Server",22,333.5,4,8,3500,8,"SmartCache",32.77,25.6,"Yes"
"Server",22,623,4,8,3600,8,"SmartCache",32.77,25.6,"Yes"
"Server",22,334.5,4,8,3500,8,"SmartCache",32.77,25.6,"Yes"
"Embedded",NA,519,4,8,2000,8,"L3",32,25.6,"Yes"
"Server",32,196,4,4,3100,8,"SmartCache",32,21,"Yes"
"Server",32,189,2,4,2200,3,"SmartCache",32,21,"Yes"
"Server",32,192,4,4,3100,6,"SmartCache",32,21,"Yes"
"Server",32,230,4,8,3200,8,"SmartCache",32,21,"Yes"
"Server",32,255.5,4,8,3300,8,"SmartCache",32,21,"Yes"
"Server",32,250,4,8,3200,8,"SmartCache",32,21,"Yes"
"Server",32,267.5,4,8,3300,8,"SmartCache",32,21,"Yes"
"Server",32,294,4,8,2400,8,"SmartCache",32,21,"Yes"
"Server",32,332.5,4,8,3400,8,"SmartCache",32,21,"Yes"
"Server",32,333.5,4,8,3400,8,"SmartCache",32,21,"Yes"
"Server",32,617.5,4,8,3500,8,"SmartCache",32,21,"Yes"
"Server",14,234,4,8,2200,6,NA,128,25.6,"Yes"
"Server",14,199,4,8,2200,6,NA,128,25.6,"Yes"
"Server",14,199,4,8,2400,6,NA,128,25.6,"Yes"
"Server",14,256,4,8,2000,6,NA,128,25.6,"Yes"
"Server",14,259,4,8,2200,6,NA,128,25.6,"Yes"
"Server",14,389,6,12,1900,9,NA,128,25.6,"Yes"
"Server",14,324,4,8,1300,6,NA,128,25.6,"Yes"
"Server",14,348,6,12,2200,9,NA,128,25.6,"Yes"
"Server",14,470,6,12,2100,9,NA,128,25.6,"Yes"
"Server",14,571,8,16,1700,12,NA,128,25.6,"Yes"
"Server",14,590,8,16,1600,12,NA,128,25.6,"Yes"
"Server",14,581,8,16,2000,12,NA,128,25.6,"Yes"
"Server",14,581,8,16,2100,12,NA,128,25.6,"Yes"
"Server",14,652,8,16,1900,12,NA,128,25.6,"Yes"
"Server",14,675,8,16,2000,12,NA,128,25.6,"Yes"
"Server",14,883,12,24,1500,18,NA,128,25.6,"Yes"
"Server",14,844,12,24,1500,18,NA,128,25.6,"Yes"
"Server",14,1299,12,24,2100,18,NA,128,25.6,"Yes"
"Server",14,855,8,16,2300,12,NA,128,25.6,"Yes"
"Server",14,1222,16,32,1300,24,NA,128,25.6,"Yes"
"Server",14,1477,16,32,1300,24,NA,128,25.6,"Yes"
"Server",32,223,4,4,2130,8,"SmartCache",288,25.6,"Yes"
"Server",32,277.5,4,4,2260,8,"SmartCache",288,25.6,"Yes"
"Server",32,380,4,8,2400,12,"SmartCache",288,25.6,"Yes"
"Server",32,552.5,4,8,2530,12,"SmartCache",288,25.6,"Yes"
"Server",130,3692,1,2,3000,4,"L2",32,25.6,NA
"Server",32,775.5,4,8,2660,12,"SmartCache",288,25.6,"Yes"
"Server",32,539.5,6,12,2400,12,"SmartCache",288,32,"Yes"
"Server",130,3692,1,2,2800,2,"L2",32,25.6,NA
"Server",32,775.5,6,12,2530,12,"SmartCache",288,32,"Yes"
"Server",130,1980,1,2,2700,2,"L2",32,25.6,NA
"Server",32,440,4,4,1860,12,"SmartCache",288,25.6,"Yes"
"Server",32,437,4,8,1870,12,NA,32,25.6,NA
"Server",45,231,4,8,2000,12,"L2",32,25.6,"Yes"
"Server",130,1980,1,2,2500,1,"L2",32,25.6,NA
"Server",32,552.5,4,8,2130,12,"SmartCache",288,25.6,"Yes"
"Server",45,284,4,8,2330,12,"L2",32,25.6,"Yes"
"Server",45,221,4,4,2000,4,"SmartCache",144,19.2,"Yes"
"Server",32,525,6,12,2000,12,NA,32,25.6,NA
"Server",45,347,4,8,2500,12,"L2",32,25.6,"Yes"
"Server",45,491,4,8,2660,12,"L2",32,25.6,"Yes"
"Server",130,1177,1,2,2200,2,"L2",32,25.6,NA
"Server",32,997.5,6,12,2260,12,"SmartCache",288,32,"Yes"
"Server",45,317,2,4,2330,6,"L2",32,25.6,"Yes"
"Server",45,719,4,8,2830,12,"L2",32,25.6,"Yes"
"Server",32,774,4,8,2930,12,"SmartCache",288,25.6,"Yes"
"Server",45,969,4,8,3000,12,"L2",32,25.6,"Yes"
"Embedded",45,649,2,4,3000,6,"L2",32,25.6,"Yes"
"Server",130,3587,1,2,2000,2,"L2",32,25.6,NA
"Server",32,997.5,6,12,2660,12,"SmartCache",288,32,"Yes"
"Server",32,1220.5,6,12,2800,12,"SmartCache",288,32,"Yes"
"Server",45,940,4,8,2530,8,"SmartCache",144,25.6,"Yes"
"Server",130,856,1,2,2000,1,"L2",32,25.6,NA
"Server",32,1440,4,8,3060,12,"SmartCache",288,32,"Yes"
"Server",45,340,4,8,2830,12,"L2",32,25.6,"Yes"
"Embedded",45,494,4,8,2130,12,"L2",32,25.6,"Yes"
"Server",130,1850,1,2,1900,1,"L2",32,25.6,NA
"Server",32,1441.5,6,12,2930,12,"SmartCache",288,32,"Yes"
"Embedded",45,403,2,4,2000,8,"SmartCache",144,25.6,"Yes"
"Server",45,372,4,8,2330,12,"L2",32,25.6,"Yes"
"Server",65,478,2,4,2330,4,"L2",32,25.6,"Yes"
"Server",32,201,2,4,2260,4,"SmartCache",16.38,17,"Yes"
"Embedded",45,504,4,8,2130,8,"SmartCache",144,25.6,"Yes"
"Server",45,1223,4,8,2130,8,"L2",32,25.6,"Yes"
"Embedded",45,560,2,4,2660,6,"L2",32,25.6,"Yes"
"Server",45,413,4,8,2500,12,"L2",32,25.6,"Yes"
"Server",32,1441.5,6,12,3060,12,"SmartCache",288,32,"Yes"
"Server",32,594,6,12,3200,12,"SmartCache",24,25.6,"Yes"
"Server",45,305,4,8,1860,8,"SmartCache",32,21,"Yes"
"Server",45,305,4,8,2660,8,"SmartCache",24,25.6,"Yes"
"Server",45,202,4,8,2660,6,"L2",32,25.6,"Yes"
"Server",45,601,4,8,2660,12,"L2",32,25.6,"Yes"
"Server",65,1177,2,4,3000,4,"L2",32,25.6,"Yes"
"Server",32,1663,4,8,3460,12,"SmartCache",288,32,"Yes"
"Server",45,213.5,4,4,2400,8,"SmartCache",32,21,"Yes"
"Server",45,305,4,8,2800,8,"SmartCache",24,25.6,"Yes"
"Server",45,2059,4,8,2400,16,"L2",32,25.6,"Yes"
"Server",45,912,4,8,3000,12,"L2",32,25.6,"Yes"
"Server",45,268,4,8,2660,12,"L2",32,25.6,"Yes"
"Embedded",45,286,4,4,2000,8,"L3",32,25.6,"Yes"
"Server",45,230,4,8,2530,8,"SmartCache",32,21,"Yes"
"Server",45,594,4,8,2930,8,"SmartCache",24,25.6,"Yes"
"Server",45,2391,6,12,2400,12,"L3",32,25.6,"Yes"
"Server",45,1245,4,8,3160,12,"L2",32,25.6,"Yes"
"Server",65,1391,2,4,3200,8,"L2",32,25.6,"Yes"
"Server",130,307,1,2,2800,1,"L2",32,25.6,NA
"Server",65,177,2,4,3000,4,"L2",32,25.6,"Yes"
"Server",32,594,6,12,3330,12,"SmartCache",24,32,"Yes"
"Server",32,1664.5,6,12,3330,12,"SmartCache",288,32,"Yes"
"Embedded",45,326,4,4,2130,8,"L3",32,25.6,"Yes"
"Embedded",45,417,2,2,2270,4,"L3",32,25.6,"Yes"
"Server",45,249,4,8,2660,8,"SmartCache",32,21,"Yes"
"Server",45,305,4,8,3060,8,"SmartCache",24,25.6,"Yes"
"Server",45,1467,4,8,3330,12,"L2",32,25.6,"Yes"
"Server",45,179,2,4,3000,6,"L2",32,25.6,"Yes"
"Server",45,287,4,8,2830,12,"L2",32,25.6,"Yes"
"Server",90,1177,2,4,2660,2,"L2",32,25.6,"Yes"
"Server",32,1663,4,8,3600,12,"SmartCache",288,32,"Yes"
"Embedded",45,221,1,1,1730,2,"L3",32,25.6,"Yes"
"Embedded",45,503,4,8,2530,8,"L3",32,25.6,"Yes"
"Server",45,333.5,4,8,2800,8,"SmartCache",32,21,"Yes"
"Server",45,305,4,8,3200,8,"SmartCache",24,25.6,"Yes"
"Server",14,1440,10,20,3300,13.75,NA,512,85.3,"Yes"
"Server",14,1113,8,16,3700,11,NA,512,85.3,"Yes"
"Server",14,835,6,12,3700,8.25,NA,512,85.3,"Yes"
"Server",14,617,6,12,3600,8.25,NA,512,85.3,"Yes"
"Server",14,444,4,8,4000,8.25,NA,512,85.3,"Yes"
"Server",14,294,4,8,3600,8.25,NA,512,85.3,"Yes"
"Server",65,369,2,4,3200,4,"L2",32,25.6,"Yes"
"Server",130,1100,1,2,1500,1,"L2",32,25.6,NA
"Server",90,1980,2,4,2800,2,"L2",32,25.6,"Yes"
"Server",32,1664.5,6,12,3460,12,"SmartCache",288,32,"Yes"
"Embedded",45,326,2,4,1730,4,"L3",32,25.6,"Yes"
"Embedded",45,493,4,8,1730,8,"L3",32,25.6,"Yes"
"Server",45,339,4,8,2930,8,"SmartCache",32,21,"Yes"
"Server",45,1059,4,8,3200,8,"SmartCache",24,32,"Yes"
"Server",45,339,4,8,3000,12,"L2",32,25.6,"Yes"
"Server",65,494,2,4,2130,4,"L2",32,25.6,"Yes"
"Server",90,3157,2,4,3000,4,"L2",32,25.6,"Yes"
"Server",45,623,4,8,3060,8,"SmartCache",32,21,"Yes"
"Embedded",45,493,4,8,2130,8,"L3",32,25.6,"Yes"
"Server",45,562,4,8,3160,12,"L2",32,25.6,"Yes"
"Server",45,1059,4,8,3330,8,"SmartCache",24,32,"Yes"
"Server",45,2837,6,12,2660,16,"L2",32,25.6,"Yes"
"Server",45,243,2,4,3000,6,"L2",32,25.6,"Yes"
"Server",90,3157,2,4,3000,4,"L2",32,25.6,"Yes"
"Server",65,851,2,4,3730,4,"L2",32,25.6,"Yes"
"Server",14,3213,72,144,1500,36,"L2",384,115.2,"Yes"
"Server",14,2591,68,136,1400,34,"L2",384,115.2,"Yes"
"Server",14,2436,68,136,1400,34,"L2",384,115.2,"Yes"
"Server",14,2147,64,128,1300,32,"L2",384,115.2,"Yes"
"Server",14,1992,64,128,1300,32,"L2",384,115.2,"Yes"
"Server",14,2036,64,128,1300,32,"L2",384,102,"Yes"
"Server",14,1881,64,128,1300,32,"L2",384,102,"Yes"
"Server",32,3750,4,8,2530,32,NA,32,25.6,"Yes"
"Server",32,2650,8,16,2130,24,NA,32,25.6,"Yes"
"Server",32,1350,4,8,1730,20,NA,32,25.6,"Yes"
"Server",32,2650,8,16,2130,24,NA,32,25.6,"Yes"
"Server",32,3750,4,8,2400,32,NA,32,25.6,"Yes"
"Server",32,4650,8,16,2530,32,NA,32,25.6,"Yes"
"Server",32,774,6,12,1730,18,"SmartCache",1044.48,25.6,"Yes"
"Server",22,1223,8,16,2000,20,"Last Level Cache",1576.96,85,"Yes"
"Server",14,1223,8,16,2100,20,NA,3143.68,85,"Yes"
"Server",14,218,6,6,1700,8.25,"L3",768,25.6,"Yes"
"Mobile",22,75,2,2,1800,2,"SmartCache",32,25.6,"Yes"
"Embedded",22,86,2,2,2200,2,"SmartCache",32,25.6,"Yes"
"Desktop",22,64,2,2,2800,3,"SmartCache",32,21,"Yes"
"Server",14,103,2,2,1200,3,NA,128,25.6,"Yes"
"Mobile",22,281,2,4,1600,3,"SmartCache",16,25.6,"Yes"
"Desktop",22,218.5,4,4,3400,6,"SmartCache",32,25.6,"Yes"
"Mobile",22,426,2,4,3000,4,NA,16,25.6,"Yes"
"Mobile",14,281,2,4,2200,3,NA,16,25.6,"Yes"
"Mobile",14,315,2,4,1600,3,NA,16,25.6,"Yes"
"Mobile",14,315,2,4,2700,3,NA,16,25.6,"Yes"
"Mobile",14,315,2,4,2900,3,NA,16,25.6,"Yes"
"Mobile",14,281,2,4,2300,3,NA,16,25.6,"Yes"
"Mobile",14,289,2,4,3100,4,NA,32,25.6,"Yes"
"Mobile",14,315,2,4,1800,3,NA,16,25.6,"Yes"
"Desktop",14,244,4,4,2800,4,NA,32,29.86,"Yes"
"Desktop",14,276.5,4,4,3100,4,NA,32,25.6,"Yes"
"Mobile",14,275,2,4,2000,3,NA,16,25.6,"Yes"
"Desktop",14,265,4,4,3100,4,NA,32,29.86,"Yes"
"Mobile",14,281,2,4,2100,3,NA,16,25.6,"Yes"
"Mobile",14,275,2,4,2100,3,NA,16,25.6,"Yes"
"Mobile",14,281,2,4,2200,3,NA,16,25.6,"Yes"
"Mobile",14,315,2,4,2500,3,NA,16,25.6,"Yes"
"Mobile",14,281,2,4,800,4,NA,16,25.6,"Yes"
"Mobile",14,281,2,4,900,4,NA,16,25.6,"Yes"
"Mobile",14,281,2,4,1100,4,NA,16,25.6,"Yes"
"Mobile",14,281,2,4,1200,4,NA,16,25.6,"Yes"
"Mobile",22,426,2,4,2800,4,"SmartCache",16,25.6,"Yes"
"Mobile",22,426,2,4,1500,4,"SmartCache",16,25.6,"Yes"
"Mobile",22,393,2,4,2000,4,"SmartCache",16,25.6,"Yes"
"Mobile",22,393,2,4,1800,4,"SmartCache",16,25.6,"Yes"
"Mobile",22,426,2,4,1700,4,"SmartCache",16,25.6,"Yes"
"Mobile",22,393,2,4,1700,4,"SmartCache",16,25.6,"Yes"
"Mobile",22,393,2,4,2100,4,"SmartCache",16,25.6,"Yes"
"Mobile",22,346,2,4,2900,4,"SmartCache",32,25.6,"Yes"
"Desktop",22,303,4,8,2700,8,"SmartCache",32,25.6,"Yes"
"Desktop",22,307.5,4,8,3200,8,"SmartCache",32,25.6,"Yes"
"Desktop",22,307.5,4,8,3600,8,"SmartCache",32,25.6,"Yes"
"Desktop",22,303,4,8,2200,8,"SmartCache",32,25.6,"Yes"
"Desktop",22,317,4,8,3500,8,"SmartCache",32,25.6,"Yes"
"Embedded",22,303,4,8,2300,8,"SmartCache",32,25.6,"Yes"
"Desktop",22,303,4,8,2500,8,"SmartCache",32,25.6,"Yes"
"Desktop",22,304,4,8,3100,8,"SmartCache",32,25.6,"Yes"
"Desktop",22,358,4,8,3200,6,"SmartCache",32,25.6,"Yes"
"Desktop",22,307.5,4,8,3400,8,"SmartCache",32,25.6,"Yes"
"Desktop",22,303,4,8,2000,8,"SmartCache",32,25.6,"Yes"
"Desktop",22,344.5,4,8,3500,8,"SmartCache",32,25.6,"Yes"
"Desktop",22,344.5,4,8,4000,8,"SmartCache",32,25.6,"Yes"
"Mobile",22,434,4,8,2200,6,NA,32,25.6,"Yes"
"Mobile",22,434,4,8,2100,6,"SmartCache",32,25.6,"Yes"
"Mobile",22,434,4,8,2000,6,"SmartCache",32,25.6,"Yes"
"Mobile",22,378,4,8,2400,6,NA,32,25.6,"Yes"
"Mobile",22,378,4,8,2600,6,NA,32,25.6,"Yes"
"Mobile",22,378,4,8,2300,6,"SmartCache",32,25.6,"Yes"
"Mobile",22,378,4,8,2300,6,"SmartCache",32,25.6,"Yes"
"Mobile",22,378,4,8,2500,6,"SmartCache",32,25.6,"Yes"
"Mobile",22,378,4,8,2500,6,"SmartCache",32,25.6,"Yes"
"Mobile",22,378,4,8,2200,6,"SmartCache",32,25.6,"Yes"
"Embedded",22,459,4,8,2000,8,"SmartCache",32,25.6,"Yes"
"Mobile",22,378,4,8,2400,6,"SmartCache",32,25.6,"Yes"
"Mobile",22,378,4,8,2400,6,"SmartCache",32,25.6,"Yes"
"Embedded",22,378,4,8,2400,6,"SmartCache",32,25.6,"Yes"
"Embedded",22,459,4,8,2700,8,"SmartCache",32,25.6,"Yes"
"Mobile",22,434,4,8,2500,6,NA,32,25.6,"Yes"
"Mobile",22,434,4,8,2400,6,"SmartCache",32,25.6,"Yes"
"Mobile",22,434,4,8,2300,6,"SmartCache",32,25.6,"Yes"
"Mobile",22,378,4,8,2800,6,"SmartCache",32,25.6,"Yes"
"Mobile",22,380,4,8,2700,6,"SmartCache",32,25.6,"Yes"
"Mobile",22,623,4,8,2800,6,NA,32,25.6,"Yes"
"Mobile",22,623,4,8,2600,6,"SmartCache",32,25.6,"Yes"
"Mobile",22,623,4,8,2400,6,"SmartCache",32,25.6,"Yes"
"Mobile",22,569,4,8,2900,8,"SmartCache",32,25.6,"Yes"
"Mobile",22,570,4,8,2800,8,"SmartCache",32,25.6,"Yes"
"Mobile",22,315,2,4,2600,3,"SmartCache",16,25.6,"Yes"
"Mobile",22,315,2,4,2600,3,NA,16,25.6,"Yes"
"Mobile",22,315,2,4,1400,3,"SmartCache",16,25.6,"Yes"
"Mobile",22,315,2,4,2400,3,"SmartCache",16,25.6,"Yes"
"Mobile",22,315,2,4,1300,3,"SmartCache",16,25.6,"Yes"
"Mobile",22,281,2,4,1600,3,NA,16,25.6,"Yes"
"Mobile",22,281,2,4,1500,3,"SmartCache",16,25.6,"Yes"
"Mobile",22,281,2,4,1700,3,"SmartCache",16,25.6,"Yes"
"Mobile",22,225,2,4,2600,3,"SmartCache",32,25.6,"Yes"
"Mobile",22,225,2,4,2900,3,"SmartCache",32,25.6,"Yes"
"Mobile",22,281,2,4,1600,3,"SmartCache",16,25.6,"Yes"
"Mobile",22,281,2,4,1400,3,"SmartCache",16,25.6,"Yes"
"Mobile",22,281,2,4,1600,3,"SmartCache",16,25.6,"Yes"
"Mobile",22,225,2,4,2500,3,"SmartCache",32,25.6,"Yes"
"Mobile",22,225,2,4,2800,3,"SmartCache",32,25.6,"Yes"
"Mobile",22,315,2,4,1400,3,"SmartCache",16,25.6,"Yes"
"Mobile",22,266,2,4,2900,3,"SmartCache",32,25.6,"Yes"
"Mobile",22,266,2,4,2800,3,"SmartCache",32,25.6,"Yes"
"Mobile",22,281,2,4,2000,3,"SmartCache",16,25.6,"Yes"
"Mobile",22,315,2,4,2800,3,NA,16,25.6,"Yes"
"Mobile",22,281,2,4,1600,3,"SmartCache",16,25.6,"Yes"
"Mobile",22,281,2,4,1900,3,"SmartCache",16,25.6,"Yes"
"Mobile",22,226,2,4,2600,3,"SmartCache",32,25.6,"Yes"
"Desktop",22,184.5,4,4,3000,6,"SmartCache",32,25.6,"Yes"
"Desktop",22,184.5,4,4,3100,6,"SmartCache",32,25.6,"Yes"
"Desktop",22,184.5,4,4,2800,6,"SmartCache",32,25.6,"Yes"
"Desktop",22,182,4,4,2700,6,"SmartCache",32,25.6,"Yes"
"Desktop",22,184.5,4,4,3200,6,"SmartCache",32,25.6,"Yes"
"Desktop",22,182,4,4,2900,6,"SmartCache",32,25.6,"Yes"
"Desktop",22,182,4,4,1900,6,"SmartCache",32,25.6,"Yes"
"Embedded",22,266,2,4,2700,3,"SmartCache",16,25.6,"Yes"
"Embedded",22,266,2,4,1600,3,"SmartCache",16,25.6,"Yes"
"Embedded",22,324,2,4,2500,4,"SmartCache",32,25.6,"Yes"
"Embedded",22,266,2,4,2900,3,"SmartCache",16,25.6,"Yes"
"Embedded",22,266,2,4,1800,3,"SmartCache",16,25.6,"Yes"
"Desktop",22,192,4,4,2000,6,"SmartCache",32,25.6,"Yes"
"Desktop",22,197,4,4,3000,6,"SmartCache",32,25.6,"Yes"
"Desktop",22,197,4,4,3300,6,"SmartCache",32,25.6,"Yes"
"Embedded",22,192,2,4,2700,4,"SmartCache",32,25.6,"Yes"
"Desktop",22,193.5,2,4,2900,4,"SmartCache",32,25.6,"Yes"
"Desktop",22,193.5,4,4,2900,6,"SmartCache",32,25.6,"Yes"
"Desktop",22,255,4,4,2700,4,"SmartCache",32,25.6,"Yes"
"Desktop",22,197,4,4,3200,6,"SmartCache",32,25.6,"Yes"
"Desktop",22,213,4,4,2500,6,"SmartCache",32,25.6,"Yes"
"Desktop",22,218.5,4,4,3200,6,"SmartCache",32,25.6,"Yes"
"Desktop",22,242.5,4,4,3500,6,"SmartCache",32,25.6,"Yes"
"Desktop",22,218.5,4,4,3500,6,"SmartCache",32,25.6,"Yes"
"Desktop",22,213,4,4,2300,6,"SmartCache",32,25.6,"Yes"
"Desktop",22,276,4,4,3000,4,"SmartCache",32,25.6,"Yes"
"Desktop",22,213,4,4,3100,6,"SmartCache",32,25.6,"Yes"
"Desktop",22,242.5,4,4,3400,6,"SmartCache",32,25.6,"Yes"
"Mobile",22,281,2,4,1900,3,"SmartCache",16,25.6,"Yes"
"Mobile",22,275,2,4,1900,3,"SmartCache",16,25.6,"Yes"
"Mobile",22,281,2,4,1500,3,"SmartCache",16,25.6,"Yes"
"Mobile",22,281,2,4,1500,3,"SmartCache",16,25.6,"Yes"
"Mobile",22,281,2,4,1300,3,"SmartCache",16,25.6,"Yes"
"Mobile",22,281,2,4,1700,3,"SmartCache",16,25.6,"Yes"
"Mobile",22,275,2,4,1700,3,"SmartCache",16,25.6,"Yes"
"Mobile",22,225,2,4,2400,3,"SmartCache",32,25.6,"Yes"
"Desktop",22,117,2,4,3400,3,"SmartCache",32,25.6,"Yes"
"Desktop",22,117,2,4,2900,3,"SmartCache",32,25.6,"Yes"
"Mobile",65,213,2,4,2160,4,"L2",32,25.6,"Yes"
"Mobile",45,290.5,2,4,2530,6,"L2",32,25.6,"Yes"
"Mobile",45,245,2,4,1200,3,"L2",32,25.6,"Yes"
"Mobile",45,247,2,4,2260,6,"L2",32,25.6,"Yes"
"Desktop",22,117,2,4,3500,3,"SmartCache",32,25.6,"Yes"
"Desktop",22,117,2,4,3000,3,"SmartCache",32,25.6,"Yes"
"Desktop",22,117,2,4,3600,3,"SmartCache",32,25.6,"Yes"
"Desktop",22,117,2,4,3100,3,"SmartCache",32,25.6,"Yes"
"Desktop",22,117,2,4,3700,3,NA,32,25.6,"Yes"
"Desktop",22,117,2,4,3200,3,NA,32,25.6,"Yes"
"Mobile",22,315,2,4,2000,3,"SmartCache",16,25.6,"Yes"
"Mobile",22,281,2,4,2000,3,NA,16,25.6,"Yes"
"Embedded",22,225,2,4,1800,3,"SmartCache",32,25.6,"Yes"
"Mobile",22,225,2,4,2600,3,"SmartCache",32,25.6,"Yes"
"Embedded",22,225,2,4,2600,3,"SmartCache",32,25.6,"Yes"
"Embedded",22,225,2,4,1600,3,"SmartCache",16,25.6,"Yes"
"Mobile",22,225,2,4,2500,3,"SmartCache",32,25.6,"Yes"
"Mobile",22,281,2,4,1800,3,"SmartCache",16,25.6,"Yes"
"Embedded",22,225,2,4,2400,3,"SmartCache",16,25.6,"Yes"
"Desktop",22,138,2,4,3300,4,NA,32,25.6,"Yes"
"Desktop",22,142.5,2,4,3800,4,"SmartCache",32,25.6,"Yes"
"Desktop",22,138,2,4,3200,4,"SmartCache",32,25.6,"Yes"
"Desktop",22,142.5,2,4,3700,4,"SmartCache",32,25.6,"Yes"
"Desktop",22,138,2,4,3100,4,"SmartCache",32,25.6,"Yes"
"Desktop",22,142.5,2,4,3600,4,"SmartCache",32,25.6,"Yes"
"Desktop",22,153,2,4,3600,4,"SmartCache",32,25.6,"Yes"
"Embedded",22,122,2,4,2400,4,"SmartCache",32,25.6,"Yes"
"Embedded",22,138,2,4,2600,4,"SmartCache",32,25.6,"Yes"
"Desktop",22,138,2,4,3000,4,"SmartCache",32,25.6,"Yes"
"Mobile",45,247,2,4,1800,6,"L2",32,25.6,"Yes"
"Mobile",45,247,2,4,1860,6,"L2",32,25.6,"Yes"
"Mobile",45,205,2,4,2260,3,"L2",32,25.6,"Yes"
"Mobile",45,211,2,4,2400,3,"L2",32,25.6,"Yes"
"Mobile",45,253,2,4,2660,3,"L2",32,25.6,"Yes"
"Mobile",45,364,2,4,2530,6,"L2",32,25.6,"Yes"
"Desktop",22,142.5,2,4,3500,4,"SmartCache",32,25.6,"Yes"
"Desktop",45,117,2,4,2660,3,"L2",32,25.6,"Yes"
"Desktop",45,117.5,2,4,2800,3,"L2",32,25.6,"Yes"
"Desktop",45,125,2,4,2930,3,"L2",32,25.6,"Yes"
"Desktop",45,147,2,4,3060,3,"L2",32,25.6,"Yes"
"Desktop",45,164,2,4,3000,6,"L2",32,25.6,"Yes"
"Desktop",45,200,2,4,3160,6,"L2",32,25.6,"Yes"
"Desktop",45,285,2,4,3330,6,"L2",32,25.6,"Yes"
"Desktop",45,179,4,8,2330,4,"L2",32,25.6,"Yes"
"Desktop",45,232,4,8,2330,4,"L2",32,25.6,"Yes"
"Desktop",45,179,4,8,2500,4,"L2",32,25.6,"Yes"
"Desktop",45,179,4,8,2660,4,"L2",32,25.6,"Yes"
"Desktop",45,232,4,8,2660,4,"L2",32,25.6,"Yes"
"Mobile",45,364,4,8,2000,6,"L2",32,25.6,"Yes"
"Desktop",45,200,4,8,2500,6,"L2",32,25.6,"Yes"
"Desktop",45,190,4,8,2660,6,"L2",32,25.6,"Yes"
"Desktop",45,254,4,8,2660,6,"L2",32,25.6,"Yes"
"Desktop",45,234,4,8,2830,6,"L2",32,25.6,"Yes"
"Desktop",45,287,4,8,2830,12,"L2",32,25.6,"Yes"
"Desktop",45,340,4,8,2830,12,"L2",32,25.6,"Yes"
"Desktop",45,339,4,8,3000,12,"L2",32,25.6,"Yes"
"Mobile",32,138,2,4,2130,3,"SmartCache",8.79,17.1,"Yes"
"Mobile",32,177,2,4,2130,3,"SmartCache",8,17.1,"Yes"
"Desktop",32,117,2,4,2930,4,"SmartCache",16.38,21,"Yes"
"Desktop",32,113,2,4,3060,4,"SmartCache",16.38,21,"Yes"
"Desktop",32,117,2,4,3200,4,"SmartCache",16.38,21,"Yes"
"Embedded",32,210,2,4,2400,3,"SmartCache",8.79,17.1,"Yes"
"Mobile",32,218.5,2,4,2400,3,"SmartCache",8.3,17.1,"Yes"
"Mobile",32,269,2,4,2530,3,"SmartCache",8,17.1,"Yes"
"Desktop",32,177,2,4,3200,4,"SmartCache",16.38,21,"Yes"
"Desktop",32,177,2,4,3200,4,"SmartCache",16.38,21,"Yes"
"Desktop",32,185,2,4,3330,4,"SmartCache",16.38,21,"Yes"
"Desktop",32,177,2,4,3330,4,"SmartCache",16.38,21,"Yes"
"Desktop",32,305,2,4,3460,4,"SmartCache",16.6,21,"Yes"
"Desktop",45,203,4,4,2660,8,"SmartCache",16,21,"Yes"
"Desktop",45,279,4,4,2400,8,"SmartCache",16,21,"Yes"
"Desktop",45,213,4,4,2800,8,"SmartCache",16,21,"Yes"
"Embedded",32,247,2,4,2000,4,"SmartCache",8.79,17.1,"Yes"
"Mobile",32,250,2,4,2660,4,"SmartCache",8,17.1,"Yes"
"Embedded",32,248,2,4,1060,4,"SmartCache",8.79,12.8,"Yes"
"Mobile",32,248,2,4,1330,4,NA,8.79,12.8,"Yes"
"Mobile",45,380,4,8,1730,6,"SmartCache",8,21,"Yes"
"Mobile",45,570,4,8,1860,8,"SmartCache",8,21,"Yes"
"Desktop",45,362,4,8,2530,8,"SmartCache",16,21,"Yes"
"Desktop",45,305,4,8,2930,8,"SmartCache",16,21,"Yes"
"Desktop",45,353,4,8,2930,8,"SmartCache",16,21,"Yes"
"Desktop",45,305,4,8,2800,8,"SmartCache",24,25.6,"Yes"
"Desktop",45,555,4,8,2930,8,"SmartCache",24,25.6,"Yes"
"Desktop",45,305,4,8,3060,8,"SmartCache",24,25.6,"Yes"
"Desktop",45,305,4,8,3200,8,"SmartCache",24,25.6,"Yes"
"Desktop",32,594,6,12,3200,12,"SmartCache",24,25.6,"Yes"
"Desktop",32,594,6,12,3330,12,"SmartCache",24,25.6,"Yes"
"Desktop",32,117,2,4,3330,4,"SmartCache",16.38,21,"Yes"
"Desktop",32,305,2,4,3600,4,"SmartCache",16.6,21,"Yes"
"Mobile",32,232,2,4,2530,4,"SmartCache",8.79,17.1,"Yes"
"Mobile",45,380,4,8,1600,6,"SmartCache",8,21,"Yes"
"Desktop",45,281,4,8,2800,8,"SmartCache",16,21,"Yes"
"Desktop",45,305,4,8,2660,8,"SmartCache",24,25.6,"Yes"
"Desktop",32,120,2,4,3100,3,"SmartCache",32,21,"Yes"
"Desktop",32,132,2,4,2500,3,"SmartCache",32,21,"Yes"
"Desktop",32,134,2,4,3100,3,"SmartCache",32,21,"Yes"
"Embedded",NA,293,2,4,2000,3,"SmartCache",32,21.3,"Yes"
"Desktop",32,115,2,4,3300,3,"SmartCache",32,21,"Yes"
"Desktop",32,121,2,4,2600,3,"SmartCache",32,21,"Yes"
"Desktop",32,139,2,4,3300,3,"SmartCache",32,21,"Yes"
"Desktop",32,117,2,4,3400,3,"SmartCache",32,21,"Yes"
"Embedded",32,187,2,4,2100,3,"SmartCache",16.6,21.3,"Yes"
"Mobile",32,187,2,4,2200,3,"SmartCache",16.6,21.3,"Yes"
"Embedded",32,209,2,4,1300,3,"SmartCache",16.6,21.3,"Yes"
"Mobile",32,250,2,4,1400,3,"SmartCache",16,25.6,"Yes"
"Desktop",32,187,4,4,2800,6,"SmartCache",32,21,"Yes"
"Desktop",32,177,4,4,3000,6,"SmartCache",32,21,"Yes"
"Desktop",32,187,4,4,3100,6,"SmartCache",32,21,"Yes"
"Desktop",32,174,4,4,3100,6,"SmartCache",32,21,"Yes"
"Desktop",32,205,4,4,3200,6,"SmartCache",32,21,"Yes"
"Mobile",32,236,2,4,2500,3,"SmartCache",16.6,21.3,NA
"Embedded",32,250,2,4,2500,3,"SmartCache",16.6,21.3,NA
"Mobile",32,269,2,4,2600,3,"SmartCache",16,21.3,"Yes"
"Desktop",32,235,4,4,3400,6,"SmartCache",32,21,"Yes"
"Desktop",32,261,4,8,3400,8,"SmartCache",32,21,"Yes"
"Embedded",32,280,2,4,1500,4,"SmartCache",16.6,25.6,NA
"Embedded",32,306,2,4,2200,4,"SmartCache",16.6,25.6,NA
"Embedded",32,295,4,8,2100,6,"SmartCache",16.6,25.6,NA
"Mobile",32,295,4,8,2100,6,"SmartCache",16.6,25.6,NA
"Mobile",32,378,4,8,2400,6,"SmartCache",32,25.6,"Yes"
"Mobile",32,568,4,8,2500,8,"SmartCache",32,25.6,"Yes"
"Mobile",32,570,4,8,2300,8,"SmartCache",32,25.6,"Yes"
"Mobile",22,225,2,4,2400,3,"SmartCache",32,25.6,"Yes"
"Embedded",22,293,2,4,2500,4,"L3",32,21.3,"Yes"
"Mobile",22,225,2,4,2500,3,"SmartCache",32,25.6,"Yes"
"Embedded",22,199,2,4,2400,3,"SmartCache",16,25.6,"Yes"
"Desktop",22,117,2,4,3200,3,"SmartCache",32,25.6,"Yes"
"Mobile",22,225,2,4,1800,3,"SmartCache",32,25.6,"Yes"
"Embedded",22,221,2,4,1600,3,"SmartCache",16,25.6,"Yes"
"Desktop",22,114.5,2,4,3300,3,"SmartCache",32,25.6,"Yes"
"Desktop",22,117,2,4,2800,3,"SmartCache",32,25.6,"Yes"
"Desktop",22,134,2,4,3300,3,"SmartCache",32,25.6,"Yes"
"Mobile",22,225,2,4,1900,3,"SmartCache",32,25.6,"Yes"
"Desktop",22,117,2,4,3400,3,"SmartCache",32,25.6,"Yes"
"Desktop",22,139,2,4,3400,3,"SmartCache",32,25.6,"Yes"
"Desktop",22,117,2,4,2900,3,"SmartCache",32,25.6,"Yes"
"Desktop",22,117,2,4,3500,3,"SmartCache",32,25.6,"Yes"
"Mobile",22,225,2,4,2500,3,"SmartCache",32,25.6,"Yes"
"Desktop",22,117,2,4,3000,3,"SmartCache",32,25.6,"Yes"
"Mobile",22,225,2,4,2600,3,"SmartCache",32,25.6,"Yes"
"Mobile",22,225,2,4,1700,3,"SmartCache",32,25.6,"Yes"
"Mobile",22,226,2,4,2600,3,"SmartCache",32,25.6,"Yes"
"Mobile",22,225,2,4,2500,3,"SmartCache",32,25.6,"Yes"
"Desktop",22,184.5,4,4,3000,6,"SmartCache",32,25.6,"Yes"
"Desktop",22,182,4,4,2700,6,"SmartCache",32,25.6,"Yes"
"Mobile",22,225,2,4,1800,3,"SmartCache",32,25.6,"Yes"
"Desktop",22,184.5,4,4,3100,6,"SmartCache",32,25.6,"Yes"
"Desktop",22,184.5,4,4,2800,6,"SmartCache",32,25.6,"Yes"
"Mobile",22,226,2,4,2700,3,"SmartCache",32,25.6,"Yes"
"Desktop",22,177,4,4,3100,6,"SmartCache",32.23,25.6,"Yes"
"Mobile",22,267.5,2,4,2800,3,"SmartCache",32,25.6,"Yes"
"Mobile",22,225,2,4,1800,3,"SmartCache",32,25.6,"Yes"
"Mobile",22,267.5,2,4,2900,3,"SmartCache",32,25.6,"Yes"
"Desktop",22,195,4,4,3100,6,"SmartCache",32,25.6,"Yes"
"Desktop",22,189.5,4,4,2800,6,"SmartCache",32,25.6,"Yes"
"Desktop",22,189.5,4,4,3200,6,"SmartCache",32,25.6,"Yes"
"Desktop",22,184,2,4,2900,3,"SmartCache",32,25.6,"Yes"
"Desktop",22,201,4,4,2900,6,"SmartCache",32,25.6,"Yes"
"Desktop",22,209,4,4,3300,6,"SmartCache",32,25.6,"Yes"
"Desktop",22,197,4,4,3000,6,"SmartCache",32,25.6,"Yes"
"Desktop",22,213,4,4,3400,6,"SmartCache",32,25.6,"Yes"
"Desktop",22,230,4,4,3400,6,"SmartCache",32,25.6,"Yes"
"Desktop",22,205,4,4,2300,6,"SmartCache",32,25.6,"Yes"
"Desktop",22,205,4,4,3100,6,"SmartCache",32,25.6,"Yes"
"Embedded",22,235,2,4,2700,3,"SmartCache",16,25.6,"Yes"
"Mobile",22,346,2,4,2900,4,"SmartCache",32,25.6,"Yes"
"Embedded",22,280,2,4,1700,4,"SmartCache",16,25.6,"Yes"
"Mobile",22,346,2,4,2000,4,"SmartCache",32,25.6,"Yes"
"Mobile",22,346,2,4,3000,4,"SmartCache",32,25.6,"Yes"
"Embedded",22,306,2,4,2500,4,"SmartCache",16,25.6,"Yes"
"Embedded",22,335,4,8,2300,6,"SmartCache",32.23,25.6,"Yes"
"Mobile",22,378,4,8,2300,6,"SmartCache",32,25.6,"Yes"
"Mobile",22,378,4,8,2100,6,"SmartCache",32,25.6,"Yes"
"Embedded",22,363,4,8,2100,6,"SmartCache",16.11,25.6,"Yes"
"Mobile",22,378,4,8,2100,6,"SmartCache",32,25.6,"Yes"
"Embedded",22,335,4,8,2300,6,"SmartCache",16.11,25.6,"Yes"
"Mobile",22,378,4,8,2300,6,"SmartCache",32,25.6,"Yes"
"Mobile",22,378,4,8,2400,6,"SmartCache",32,25.6,"Yes"
"Mobile",22,378,4,8,2200,6,"SmartCache",32,25.6,"Yes"
"Mobile",22,346,2,4,2000,4,"SmartCache",32,25.6,"Yes"
"Mobile",22,346,2,4,2100,4,"SmartCache",32,25.6,"Yes"
"Mobile",22,378,4,8,2600,6,"SmartCache",32,25.6,"Yes"
"Desktop",22,288.5,4,8,3400,8,"SmartCache",32,25.6,"Yes"
"Mobile",22,379,4,8,2700,6,"SmartCache",32,25.6,"Yes"
"Desktop",22,337,4,8,3500,8,"SmartCache",32,25.6,"Yes"
"Desktop",22,299.5,4,8,3100,8,"SmartCache",32,25.6,"Yes"
"Desktop",22,294,4,8,2500,8,"SmartCache",32,25.6,"Yes"
"Mobile",22,568,4,8,2700,8,"SmartCache",32,25.6,"Yes"
"Mobile",22,568,4,8,2800,8,"SmartCache",32,25.6,"Yes"
"Desktop",45,990,4,8,3200,8,"SmartCache",24,25.6,"Yes"
"Desktop",45,1059,4,8,3330,8,"SmartCache",24,25.6,"Yes"
"Desktop",32,1059,6,12,3330,12,"SmartCache",24,25.6,"Yes"
"Desktop",32,1059,6,12,3460,12,"SmartCache",24,25.6,"Yes"
"Server",14,129,2,4,2200,3,NA,128,25.6,"Yes"
"Server",14,156,2,2,1500,3,NA,128,25.6,"Yes"
"Server",14,194,4,8,1600,6,NA,128,25.6,"Yes"
"Server",14,200,4,8,1500,6,NA,128,25.6,"Yes"
"Desktop",22,64,2,2,2900,3,"SmartCache",32,21,"Yes"
"Desktop",22,64,2,2,3000,3,"SmartCache",32,21,"Yes"
"Desktop",22,64,2,2,2500,3,"SmartCache",32,21,"Yes"
"Desktop",22,64,2,2,2600,3,"SmartCache",32,21,"Yes"
"Desktop",22,73.5,2,2,3100,3,"SmartCache",32,25.6,"Yes"
"Desktop",22,78.5,2,2,3200,3,"SmartCache",32,25.6,"Yes"
"Desktop",22,93,2,2,3300,3,"SmartCache",32,25.6,"Yes"
"Embedded",14,64,2,2,2400,3,"SmartCache",64,34.1,"Yes"
"Desktop",14,64,2,2,2900,3,"SmartCache",64,34.1,"Yes"
"Desktop",14,64,2,2,3300,3,"SmartCache",64,34.1,"Yes"
"Desktop",14,64,2,4,3500,3,NA,64,25.6,"Yes"
"Desktop",14,89.5,2,2,3600,3,"SmartCache",64,34.1,"Yes"
"Desktop",14,78.5,2,2,3500,3,"SmartCache",64,34.1,"Yes"
"Desktop",14,75,2,2,3000,3,"SmartCache",64,34.1,"Yes"
"Desktop",14,64,2,4,2900,3,NA,64,25.6,"Yes"
"Desktop",14,89.5,2,4,3700,3,NA,64,25.6,"Yes"
"Desktop",14,78.5,2,4,3600,3,NA,64,25.6,"Yes"
"Desktop",14,75,2,4,3000,3,NA,64,25.6,"Yes"
"Desktop",22,59,2,2,3000,3,"SmartCache",32,21.3,"Yes"
"Desktop",22,59,2,2,3100,3,"SmartCache",32,21.3,"Yes"
"Desktop",22,64,2,2,2600,3,"SmartCache",32,21.3,"Yes"
"Desktop",22,64,2,2,2700,3,"SmartCache",32,21.3,"Yes"
"Desktop",22,57,2,2,3200,3,"SmartCache",32,21.3,"Yes"
"Desktop",22,72,2,2,3200,3,NA,32,21.3,"Yes"
"Desktop",22,64,2,2,3300,3,NA,32,21.3,"Yes"
"Desktop",22,64,2,2,2800,3,"SmartCache",32,21.3,"Yes"
"Desktop",22,64,2,2,2900,3,NA,32,21.3,"Yes"
"Embedded",22,70,2,2,2300,3,"SmartCache",32,21.3,"Yes"
"Desktop",22,78.5,2,2,3200,3,"SmartCache",32,25.6,"Yes"
"Desktop",22,75,2,2,2700,3,"SmartCache",32,25.6,"Yes"
"Desktop",22,89.5,2,2,3300,3,"SmartCache",32,25.6,"Yes"
"Desktop",22,78.5,2,2,3300,3,"SmartCache",32,25.6,"Yes"
"Desktop",22,75,2,2,2800,3,"SmartCache",32,25.6,"Yes"
"Desktop",22,78.5,2,2,3400,3,"SmartCache",32,25.6,"Yes"
"Desktop",22,75,2,2,2900,3,"SmartCache",32,25.6,"Yes"
"Desktop",22,78.5,2,2,3500,3,"SmartCache",32,25.6,"Yes"
"Desktop",22,75,2,2,3000,3,NA,32,25.6,"Yes"
"Desktop",22,86,2,2,3600,3,NA,32,25.6,"Yes"
"Embedded",22,86,2,2,1500,2,"SmartCache",32,25.6,"Yes"
"Mobile",22,75,2,2,2000,2,"SmartCache",32,25.6,"Yes"
"Mobile",22,107,2,2,1400,2,"SmartCache",16,25.6,"Yes"
"Mobile",22,107,2,2,1400,2,"SmartCache",16,25.6,"Yes"
"Mobile",22,75,2,2,2200,2,"SmartCache",32,25.6,"Yes"
"Mobile",22,107,2,2,1600,2,"SmartCache",16,25.6,"Yes"
"Mobile",22,75,2,2,1900,2,NA,32,25.6,"Yes"
"Mobile",22,75,2,2,1500,2,"SmartCache",32,25.6,"Yes"
"Mobile",22,75,2,2,1600,2,NA,32,25.6,"Yes"
"Embedded",22,76,2,2,2200,2,"SmartCache",16,25.6,"Yes"
"Mobile",22,75,2,2,2100,2,"SmartCache",32,25.6,"Yes"
"Embedded",22,119,2,2,1400,2,"SmartCache",16,25.6,NA
"Desktop",32,42,2,2,2400,2,"SmartCache",32,17,"Yes"
"Embedded",32,98,1,1,1000,1,"SmartCache",4.88,25.6,NA
"Mobile",32,72,2,2,1600,2,"SmartCache",16.6,21.3,"Yes"
"Embedded",32,89,1,1,1400,1.5,"SmartCache",16.6,21.3,NA
"Embedded",32,72,2,2,1600,2,"SmartCache",16.6,21.3,NA
"Desktop",32,41,2,2,2500,2,"SmartCache",32,17,"Yes"
"Mobile",32,134,2,4,1100,2,"L3",16,21.3,"Yes"
"Embedded",32,111,2,2,1100,2,"SmartCache",16.6,21.3,NA
"Desktop",32,42,2,2,2600,2,"SmartCache",32,17,"Yes"
"Desktop",32,52,2,2,2700,2,"SmartCache",32,17,"Yes"
"Mobile",32,86,2,2,1900,2,"L3",16,21.3,"Yes"
"Desktop",45,52,2,4,2700,1,"SmartCache",32,25.6,"Yes"
"Desktop",32,37,1,2,1800,1.5,"SmartCache",32,17,"Yes"
"Desktop",45,42,2,4,2600,1,"SmartCache",32,25.6,"Yes"
"Desktop",32,37,1,2,1900,1.5,"SmartCache",32,17,"Yes"
"Embedded",NA,90,1,2,1300,1.5,"L3",16,21.3,"Yes"
"Mobile",32,134,2,2,1200,2,"SmartCache",8,12.8,"Yes"
"Desktop",45,47,2,4,2500,1,"L2",32,25.6,"Yes"
"Desktop",32,37,1,2,2000,1.5,"SmartCache",32,17,"Yes"
"Mobile",32,105,2,2,1060,2,NA,8,17.1,"Yes"
"Mobile",32,68,2,2,1860,2,"SmartCache",8,17.1,"Yes"
"Desktop",45,47,2,4,2400,1,"L2",32,25.6,"Yes"
"Mobile",45,87,1,2,1200,1,"L2",32,25.6,"Yes"
"Desktop",65,47,2,4,2200,0.5,"L2",32,25.6,"Yes"
"Desktop",65,37,1,2,1800,0.5,"L2",32,25.6,"Yes"
"Embedded",22,95,1,1,1500,1,"SmartCache",16,25.6,NA
"Embedded",45,153,1,2,1330,2,"L3",32,25.6,"Yes"
"Mobile",32,68,2,2,1860,2,"SmartCache",8,17.1,"Yes"
"Mobile",45,62,2,4,1900,1,"L2",32,25.6,"Yes"
"Mobile",45,161,1,2,1200,1,"L2",32,25.6,"Yes"
"Desktop",65,58,2,4,2400,0.5,"L2",32,25.6,"Yes"
"Server",14,311,8,8,1700,11,"L3",768,25.6,"Yes"
"Server",14,422,8,16,1800,11,"L3",768,25.6,"Yes"
"Server",14,501,8,16,2000,11,"L3",768,25.6,"Yes"
"Server",14,506,8,16,2100,11,"L3",768,25.6,"Yes"
"Server",14,478,4,8,2600,8.25,"L3",768,25.6,"Yes"
"Server",14,773,10,20,2200,13.75,"L3",768,25.6,"Yes"
"Server",14,699,10,20,2200,13.75,"L3",768,25.6,"Yes"
"Server",14,1007,12,24,2100,16.5,"L3",768,25.6,"Yes"
"Server",14,1221,10,20,2400,13.75,"L3",768,25.6,"Yes"
"Server",14,1273,12,24,2300,16.5,"L3",768,25.6,"Yes"
"Server",14,1558,14,28,2200,19.25,"L3",768,25.6,"Yes"
"Server",14,1224,4,8,3600,16.5,"L3",768,25.6,"Yes"
"Server",14,1727,14,28,2200,19.25,"L3",768,25.6,"Yes"
"Server",14,1776,12,24,2600,19.25,"L3",768,25.6,"Yes"
"Server",14,1931,12,24,2600,19.25,"L3",768,25.6,"Yes"
"Server",14,1865,12,24,2600,19.25,"L3",768,25.6,"Yes"
"Server",14,1694,6,12,3400,19.25,"L3",768,25.6,"Yes"
"Server",14,1897,16,32,2100,22,"L3",768,25.6,"Yes"
"Server",14,2049,16,32,2100,22,"L3",768,25.6,"Yes"
"Server",14,1988,16,32,2100,22,"L3",768,25.6,"Yes"
"Server",14,2111,14,28,2600,19.25,"L3",768,25.6,"Yes"
"Server",14,5217,8,16,3200,24.75,"L3",1536,25.6,"Yes"
"Server",14,2217,8,16,3200,24.75,"L3",768,25.6,"Yes"
"Server",14,2460,12,24,3000,24.75,"L3",768,25.6,"Yes"
"Server",14,2615,20,40,2000,27.5,"L3",768,25.6,"Yes"
"Server",14,2767,20,40,2000,27.5,"L3",768,25.6,"Yes"
"Server",14,2742,20,40,2000,27.5,"L3",768,25.6,"Yes"
"Server",14,2448,18,36,2300,24.75,"L3",768,25.6,"Yes"
"Server",14,5448,18,36,2300,24.75,"L3",1536,25.6,"Yes"
"Server",14,2949,16,32,2600,22,"L3",768,25.6,"Yes"
"Server",14,5949,16,32,2600,22,"L3",1536,25.6,"Yes"
"Server",14,2925,8,16,3500,24.75,"L3",768,25.6,"Yes"
"Server",14,3101,16,32,2600,22,"L3",768,25.6,"Yes"
"Server",14,3286,12,24,3200,24.75,"L3",768,25.6,"Yes"
"Server",14,3075,20,40,2400,27.5,"L3",768,25.6,"Yes"
"Server",14,3227,20,40,2400,27.5,"L3",768,25.6,"Yes"
"Server",14,3358,18,36,2700,24.75,"L3",768,25.6,"Yes"
"Server",14,3658,22,44,2100,30.25,"L3",768,25.6,"Yes"
"Server",14,3543,18,36,3000,24.75,"L3",768,25.6,"Yes"
"Server",14,3115,16,32,2000,22,"L3",768,25.6,"Yes"
"Server",14,7007,4,8,3600,16.5,"L3",768,25.6,"Yes"
"Server",14,7007,12,24,3000,24.75,"L3",768,25.6,"Yes"
"Server",14,4705,24,48,2100,33,"L3",768,25.6,"Yes"
"Server",14,4856,24,48,2100,33,"L3",768,25.6,"Yes"
"Server",14,4936,24,48,2100,33,"L3",768,25.6,"Yes"
"Server",14,7704,24,48,2100,33,"L3",1536,25.6,"Yes"
"Server",14,6117,26,52,2000,35.75,"L3",768,25.6,"Yes"
"Server",14,5890,24,48,2700,33,"L3",768,25.6,"Yes"
"Server",14,7408,26,52,2100,35.75,"L3",768,25.6,"Yes"
"Server",14,10409,26,52,2100,35.75,"L3",1536,25.6,"Yes"
"Server",14,8719,28,56,2100,38.5,"L3",768,25.6,"Yes"
"Server",14,11722,28,56,2100,38.5,"L3",1536,25.6,"Yes"
"Server",14,10009,28,56,2500,38.5,"L3",768,25.6,"Yes"
"Server",14,13011,28,56,2500,38.5,"L3",1536,25.6,"Yes"
"Server",14,2170,14,28,2000,35,NA,3143.68,85,"Yes"
"Server",14,1502,10,20,2000,25,NA,3143.68,85,"Yes"
"Server",14,3003,16,32,2100,40,NA,3143.68,85,"Yes"
"Server",14,4061,18,36,2200,45,NA,3143.68,85,"Yes"
"Server",14,4672,18,36,2400,45,NA,3143.68,85,"Yes"
"Server",14,4672,20,40,2100,50,NA,3143.68,85,"Yes"
"Server",14,5895,22,44,2200,55,NA,3143.68,85,"Yes"
"Server",14,7174,24,48,2200,60,NA,3143.68,85,"Yes"
"Server",14,6841,10,20,2800,60,NA,3143.68,85,"Yes"
"Server",14,6841,4,8,3200,60,NA,3143.68,85,"Yes"
"Server",14,8898,24,48,2400,60,NA,3143.68,85,"Yes"
"Server",22,2170,12,24,2100,30,"Last Level Cache",1576.96,85,"Yes"
"Server",22,1502,10,20,1900,25,"Last Level Cache",1576.96,85,"Yes"
"Server",22,3003,14,28,2200,35,"Last Level Cache",1576.96,85,"Yes"
"Server",22,4061,16,32,2200,40,"Last Level Cache",1576.96,85,"Yes"
"Server",22,4672,16,32,2500,45,NA,1576.96,85,"Yes"
"Server",22,4672,18,36,2100,45,"Last Level Cache",1576.96,85,"Yes"
"Server",22,5895,18,36,2300,45,"Last Level Cache",1576.96,85,"Yes"
"Server",22,6063,18,36,2000,45,"Last Level Cache",1576.96,85,"Yes"
"Server",22,7174,18,36,2500,45,"Last Level Cache",1576.96,85,"Yes"
"Server",22,6841,10,20,2800,45,"Last Level Cache",1576.96,85,"Yes"
"Server",22,6841,4,8,3200,45,"Last Level Cache",1576.96,85,"Yes"
"Server",22,4227,15,30,2300,30,NA,1576.96,85,"Yes"
"Server",22,5339,15,30,2500,37.5,NA,1576.96,85,"Yes"
"Server",22,6451,15,30,2800,37.5,NA,1576.96,85,"Yes"
"Server",22,1223,6,12,1900,12,NA,1576.96,68,"Yes"
"Server",22,1446,8,16,2000,16,NA,1576.96,68,"Yes"
"Server",22,2059,10,20,2200,20,NA,1576.96,68,"Yes"
"Server",22,2837,12,24,2300,24,NA,1576.96,68,"Yes"
"Server",22,3838,12,24,2600,30,NA,1576.96,85,"Yes"
"Server",22,4394,15,30,2300,30,NA,1576.96,85,"Yes"
"Server",22,5506,15,30,2500,37.5,NA,1576.96,85,"Yes"
"Server",22,6619,15,30,2800,37.5,NA,1576.96,85,"Yes"
"Server",22,6841,6,12,3400,37.5,NA,1576.96,85,"Yes"
"Server",22,6841,10,20,3200,37.5,NA,1576.96,85,"Yes"
"Server",22,6841,15,30,2800,37.5,NA,1576.96,85,"Yes"
"Server",22,5729,15,30,2200,37.5,NA,1576.96,85,"Yes"
"Server",22,5729,15,30,2500,37.5,NA,1576.96,85,"Yes"
"Server",22,4616,15,30,2300,30,NA,1576.96,85,"Yes"
"Server",22,3838,12,12,3000,30,NA,1576.96,85,"Yes"
"Server",22,3059,12,24,2300,24,NA,1576.96,68,"Yes"
"Server",32,1334,8,16,2000,18,"SmartCache",1044.48,25.6,"Yes"
"Server",32,1779,8,16,2130,24,"SmartCache",1044.48,25.6,"Yes"
"Server",32,2558,10,20,2000,24,"SmartCache",1044.48,25.6,"Yes"
"Server",32,3670,10,20,2260,24,"SmartCache",1044.48,25.6,"Yes"
"Server",32,4227,10,20,2400,30,"SmartCache",1044.48,25.6,"Yes"
"Server",32,890,6,12,1860,18,"SmartCache",2099.2,25.6,"Yes"
"Server",32,1446,8,16,2000,18,"SmartCache",2099.2,25.6,"Yes"
"Server",32,2059,8,16,2130,24,"SmartCache",2099.2,25.6,"Yes"
"Server",32,2837,10,20,2000,24,"SmartCache",2099.2,25.6,"Yes"
"Server",32,3838,10,20,2260,24,"SmartCache",2099.2,25.6,"Yes"
"Server",32,4394,10,20,2400,30,"SmartCache",2099.2,25.6,"Yes"
"Server",32,2280,8,16,2130,24,"SmartCache",4198.4,25.6,"Yes"
"Server",32,2280,8,8,2660,24,"SmartCache",4198.4,25.6,"Yes"
"Server",32,3059,10,20,2000,24,"SmartCache",4198.4,25.6,"Yes"
"Server",32,4061,10,20,2260,24,"SmartCache",4198.4,25.6,"Yes"
"Server",32,4172,10,20,2130,30,"SmartCache",4198.4,25.6,"Yes"
"Server",32,4616,10,20,2400,30,"SmartCache",4198.4,25.6,"Yes"
"Mobile",14,393,2,4,2600,4,NA,16,25.6,"Yes"
"Mobile",14,426,2,4,2200,4,NA,16,25.6,"Yes"
"Desktop",14,371.5,4,8,3300,6,NA,32,25.6,"Yes"
"Desktop",14,348,4,8,3300,6,NA,32,29.86,"Yes"
"Mobile",14,378,4,8,2700,6,NA,32,25.6,"Yes"
"Embedded",14,378,4,8,2600,6,"SmartCache",32,25.6,"Yes"
"Mobile",14,434,4,8,2500,6,NA,32,25.6,"Yes"
"Embedded",14,435,4,8,2700,6,"SmartCache",32,25.6,"Yes"
"Mobile",14,434,4,8,2700,6,NA,32,25.6,"Yes"
"Mobile",14,623,4,8,2900,6,NA,32,25.6,"Yes"
"Mobile",14,393,2,4,2400,4,NA,16,25.6,"Yes"
"Mobile",14,281,2,4,900,4,"SmartCache",16,29.8,"Yes"
"Desktop",14,117,2,4,3600,3,NA,64,34.1,"Yes"
"Mobile",14,304,2,4,3100,4,"SmartCache",32,34.1,"Yes"
"Mobile",14,304,2,4,2900,4,"SmartCache",32,34.1,"Yes"
"Mobile",14,281,2,4,1000,4,"SmartCache",16,29.8,"Yes"
"Mobile",14,225,2,4,3000,3,NA,64,34.1,"Yes"
"Mobile",14,281,2,4,2400,3,"SmartCache",32,34.1,"Yes"
"Desktop",14,117,2,4,3900,3,"SmartCache",64,25.6,"Yes"
"Embedded",14,225,2,4,2900,3,NA,64,34.1,"Yes"
"Desktop",14,117,2,4,3400,3,"SmartCache",64,25.6,"Yes"
"Desktop",14,117,2,4,3400,3,"SmartCache",64,34.1,"Yes"
"Desktop",14,117,2,4,3900,3,"SmartCache",64,34.1,"Yes"
"Embedded",14,225,2,4,2100,3,NA,64,34.1,"Yes"
"Desktop",14,142.5,2,4,3500,4,"SmartCache",64,25.6,"Yes"
"Desktop",14,142.5,2,4,4000,4,"SmartCache",64,25.6,"Yes"
"Desktop",14,153,2,4,4100,4,"SmartCache",64,25.6,"Yes"
"Desktop",14,173.5,2,4,4200,4,"SmartCache",64,25.6,"Yes"
"Mobile",14,281,2,4,1100,4,"SmartCache",16,29.8,"Yes"
"Mobile",14,393,2,4,2500,4,"SmartCache",32,34.1,"Yes"
"Mobile",14,393,2,4,2600,4,"SmartCache",32,34.1,"Yes"
"Mobile",14,415,2,4,2200,4,"SmartCache",32,34.1,"Yes"
"Mobile",14,415,2,4,2400,4,"SmartCache",32,34.1,"Yes"
"Mobile",14,378,4,8,2600,6,"SmartCache",64,34.1,"Yes"
"Mobile",14,434,4,8,2600,6,"SmartCache",64,34.1,"Yes"
"Desktop",14,307.5,4,8,3400,8,"SmartCache",64,34.1,"Yes"
"Embedded",14,303,4,8,2400,8,"SmartCache",64,34.1,"Yes"
"Desktop",14,303,4,8,2800,8,"SmartCache",64,34.1,"Yes"
"Desktop",14,344.5,4,8,4000,8,"SmartCache",64,34.1,"Yes"
"Embedded",14,378,4,8,2800,8,"SmartCache",64,34.1,"Yes"
"Mobile",14,378,4,8,2700,8,"SmartCache",64,34.1,"Yes"
"Mobile",14,378,4,8,2700,8,"SmartCache",64,34.1,"Yes"
"Embedded",14,378,4,8,2000,8,"SmartCache",64,34.1,"Yes"
"Mobile",14,434,4,8,2700,8,"SmartCache",64,34.1,"Yes"
"Mobile",14,568,4,8,2900,8,"SmartCache",64,34.1,"Yes"
"Mobile",14,623,4,8,2800,8,"SmartCache",64,34.1,"Yes"
"Mobile",14,304,2,4,1800,4,"SmartCache",32,34.1,"Yes"
"Mobile",14,281,2,4,2300,3,"SmartCache",32,34.1,"Yes"
"Mobile",14,281,2,4,2400,3,"SmartCache",32,34.1,"Yes"
"Mobile",14,250,4,4,2300,6,"SmartCache",64,34.1,"Yes"
"Mobile",14,306,4,4,2300,6,"SmartCache",64,34.1,"Yes"
"Mobile",14,304,2,4,2000,4,"SmartCache",32,34.1,"Yes"
"Embedded",14,250,4,4,1900,6,"SmartCache",64,34.1,"Yes"
"Mobile",14,250,4,4,2600,6,"SmartCache",64,34.1,"Yes"
"Embedded",14,250,4,4,2700,6,"SmartCache",64,34.1,"Yes"
"Desktop",14,182,4,4,2200,6,"SmartCache",64,34.1,"Yes"
"Desktop",14,184.5,4,4,2700,6,"SmartCache",64,34.1,"Yes"
"Desktop",14,184.5,4,4,2800,6,NA,64,34.1,"Yes"
"Embedded",14,192,4,4,2300,6,"SmartCache",64,34.1,"Yes"
"Desktop",14,192,4,4,2500,6,"SmartCache",64,34.1,"Yes"
"Desktop",14,197,4,4,3200,6,"SmartCache",64,34.1,"Yes"
"Desktop",14,213,4,4,2700,6,"SmartCache",64,34.1,"Yes"
"Desktop",14,242.5,4,4,3500,6,"SmartCache",64,34.1,"Yes"
"Desktop",14,218.5,4,4,3300,6,"SmartCache",64,34.1,"Yes"
"Mobile",14,281,2,4,2000,3,"SmartCache",32,34.1,"Yes"
"Embedded",14,117,2,4,2700,4,"SmartCache",64,34.1,"Yes"
"Desktop",14,117,2,4,3200,3,"SmartCache",64,34.1,"Yes"
"Desktop",14,117,2,4,3700,3,"SmartCache",64,34.1,"Yes"
"Mobile",14,304,2,4,2700,3,"SmartCache",32,34.1,"Yes"
"Mobile",14,304,2,4,2400,3,"SmartCache",32,34.1,"Yes"
"Embedded",14,225,2,4,1900,3,"SmartCache",64,34.1,"Yes"
"Mobile",14,281,2,4,2300,3,"SmartCache",32,34.1,"Yes"
"Mobile",14,225,2,4,2700,3,"SmartCache",64,34.1,"Yes"
"Desktop",14,153,2,4,3900,4,"SmartCache",64,34.1,"Yes"
"Desktop",14,142.5,2,4,3300,4,"SmartCache",64,34.1,"Yes"
"Embedded",14,225,2,4,2700,3,"SmartCache",64,34.1,"Yes"
"Desktop",14,142.5,2,4,3800,4,"SmartCache",64,34.1,"Yes"
"Mobile",14,281,2,4,1100,4,"SmartCache",16,29.8,"Yes"
"Mobile",14,281,2,4,1100,4,"SmartCache",16,29.8,"Yes"
"Mobile",14,393,2,4,1200,4,"SmartCache",16,29.8,"Yes"
"Mobile",14,426,2,4,2000,4,"SmartCache",16,25.6,"Yes"
"Mobile",14,426,2,4,3100,4,NA,16,25.6,"Yes"
